id,name,size,serving_per_bag,calorie,carbohydrate,protein,fat,saturated fat,trans fat,sodium,sugar,含麩質之穀物及其製品,堅果類、種子類及其製品,大豆及其製品,奇異果及其製品,牛奶、羊奶及其製品,甲殼類及其製品(蝦類、蟹類),芒果及其製品,芝麻及其製品,花生及其製品,蛋類及其製品,軟體動物類及其製品(頭足類、螺貝類),魚類及其製品,不含牛肉,不含豬肉,不含禽肉,不含海鮮,不含花生,不含堅果,不含芝麻,不含麩質,不含大豆,不含蛋品,不含牛/羊奶,全素,蛋素,奶素,奶蛋素,植物五辛素
58804,大飯糰泡菜鮪魚,158.0,1,277.0,48.2,7.1,6.2,0.9,0.0,493.0,0.0,1,0,1,0,1,1,0,1,0,1,0,1,1.0,1.0,0.0,0.0,1.0,1.0,0.0,0.0,0.0,0.0,0.0,0.0,0.0,0.0,0.0,0.0
227221,芝麻香鬆飯糰,109.0,1,237.0,39.1,5.8,6.3,0.9,0.0,355.0,3.6,1,0,1,0,0,0,0,1,0,0,0,0,1.0,1.0,1.0,1.0,1.0,1.0,0.0,0.0,0.0,1.0,1.0,1.0,0.0,0.0,0.0,0.0
322510,鮑菇脆筍飯糰,108.0,1,165.0,32.7,3.7,2.2,0.3,0.0,329.0,1.5,1,0,1,0,0,0,0,1,0,0,0,0,1.0,1.0,1.0,1.0,1.0,1.0,0.0,0.0,0.0,1.0,1.0,1.0,0.0,0.0,0.0,0.0
396531,大飯糰辣炒豬肉,156.0,1,256.0,48.5,6.6,3.9,0.9,0.0,507.0,2.0,1,0,1,0,0,0,0,1,0,1,0,1,1.0,0.0,1.0,0.0,1.0,1.0,0.0,0.0,0.0,0.0,1.0,0.0,0.0,0.0,0.0,0.0
459125,稻荷壽司,161.0,1,287.0,54.3,8.9,3.9,1.1,0.0,634.0,15.5,1,0,1,0,0,0,0,0,0,0,0,1,1.0,1.0,1.0,0.0,1.0,1.0,1.0,0.0,0.0,1.0,1.0,0.0,0.0,0.0,0.0,0.0
493218,大飯糰韓式炙燒美乃雞,150.0,1,270.0,48.8,8.3,4.7,1.1,0.0,596.0,1.5,1,0,1,0,0,0,0,1,0,1,0,0,1.0,1.0,0.0,1.0,1.0,1.0,0.0,0.0,0.0,0.0,1.0,0.0,0.0,0.0,0.0,0.0
493236,大飯糰韓式烤牛肉,158.0,1,250.0,46.1,6.6,4.3,1.6,0.0,632.0,1.4,1,0,1,0,1,0,0,0,0,1,0,1,0.0,1.0,0.0,0.0,1.0,1.0,1.0,0.0,0.0,0.0,0.0,0.0,0.0,0.0,0.0,0.0
539583,蔬食鮪魚飯糰,105.0,1,188.0,35.0,4.5,3.4,0.9,0.0,376.0,1.2,1,1,1,0,0,0,0,1,0,0,0,0,1.0,1.0,1.0,1.0,1.0,0.0,0.0,0.0,0.0,1.0,1.0,1.0,0.0,0.0,0.0,0.0
558422,鹽蔥燒肉飯糰,105.0,1,174.0,30.8,5.7,3.2,0.6,0.0,349.0,0.0,1,0,1,0,0,0,0,1,0,1,0,0,1.0,0.0,0.0,1.0,1.0,1.0,0.0,0.0,0.0,0.0,1.0,0.0,0.0,0.0,0.0,0.0
567691,香檸松阪豬烤飯糰,94.0,1,204.0,39.1,5.7,2.7,0.8,0.0,327.0,1.2,1,0,1,0,1,0,0,0,0,1,0,1,1.0,0.0,0.0,0.0,1.0,1.0,1.0,0.0,0.0,0.0,0.0,0.0,0.0,0.0,0.0,0.0
577161,椒麻肉鬆飯糰,103.0,1,234.0,36.8,5.3,7.3,1.3,0.0,218.0,2.7,1,1,1,0,0,0,0,1,0,1,0,0,1.0,0.0,1.0,1.0,1.0,0.0,0.0,0.0,0.0,0.0,1.0,0.0,0.0,0.0,0.0,0.0
577216,清酒蒸蛤蜊烤飯糰,99.0,1,166.0,31.6,5.0,2.3,0.5,0.0,401.0,1.1,1,0,1,0,1,0,0,0,0,1,0,1,1.0,1.0,1.0,0.0,1.0,1.0,1.0,0.0,0.0,0.0,0.0,0.0,0.0,0.0,0.0,0.0
577234,柚子胡椒雞肉烤飯糰,103.0,1,191.0,36.3,6.3,2.3,0.5,0.0,341.0,2.1,1,0,1,0,1,0,0,0,0,1,0,1,1.0,1.0,0.0,0.0,1.0,1.0,1.0,0.0,0.0,0.0,0.0,0.0,0.0,0.0,0.0,0.0
611098,壽喜燒牛五花飯糰,110.0,1,209.0,30.4,7.3,6.5,2.3,0.0,316.0,0.8,1,0,1,0,1,0,0,1,0,0,0,1,0.0,1.0,0.0,0.0,1.0,1.0,0.0,0.0,0.0,1.0,0.0,0.0,0.0,0.0,0.0,0.0
612008,鮪魚飯糰,106.0,1,188.0,32.0,5.0,4.3,0.8,0.0,195.0,0.8,1,0,1,0,0,0,0,1,0,1,0,1,1.0,1.0,1.0,0.0,1.0,1.0,0.0,0.0,0.0,0.0,1.0,0.0,0.0,0.0,0.0,0.0
612026,明太子龍蝦風味沙拉飯糰,105.0,1,211.0,34.7,4.5,6.0,1.0,0.0,344.0,1.4,0,0,1,0,1,1,0,0,0,1,0,1,1.0,1.0,1.0,0.0,1.0,1.0,1.0,1.0,0.0,0.0,0.0,0.0,0.0,0.0,0.0,0.0
612121,紅鮭飯糰,97.0,1,171.0,33.7,5.2,1.8,0.4,0.0,380.0,0.0,0,0,1,0,0,0,0,0,0,0,0,1,1.0,1.0,1.0,0.0,1.0,1.0,1.0,1.0,0.0,1.0,1.0,0.0,0.0,0.0,0.0,0.0
612135,鮭魚鮭魚卵飯糰,101.0,1,203.0,32.9,4.8,5.8,1.8,0.0,226.0,10.0,1,0,1,0,1,0,0,0,0,1,0,1,1.0,1.0,1.0,0.0,1.0,1.0,1.0,0.0,0.0,0.0,0.0,0.0,0.0,0.0,0.0,0.0
613018,經典肉鬆飯糰,107.0,1,239.0,41.4,5.6,5.7,1.4,0.0,294.0,2.9,1,1,1,0,0,0,0,1,0,1,0,0,1.0,0.0,1.0,1.0,1.0,0.0,0.0,0.0,0.0,0.0,1.0,0.0,0.0,0.0,0.0,0.0
615010,雞肉飯飯糰,106.0,1,186.0,33.0,5.4,3.5,1.1,0.0,326.0,0.5,1,0,1,0,0,0,0,1,0,1,0,0,1.0,0.0,0.0,1.0,1.0,1.0,0.0,0.0,0.0,0.0,1.0,0.0,0.0,0.0,0.0,0.0
652038,大口法式奶油起司雞排飯糰,239.0,1,500.0,56.6,14.1,24.1,5.5,0.0,851.0,1.7,1,0,1,0,1,0,0,0,0,1,0,1,1.0,0.0,0.0,0.0,1.0,1.0,1.0,0.0,0.0,0.0,0.0,0.0,0.0,0.0,0.0,0.0
652101,大口義式香草烤雞飯糰,242.0,1,414.0,51.3,16.5,16.0,3.6,0.0,973.0,3.1,1,0,1,0,1,0,0,0,0,1,0,1,1.0,0.0,0.0,0.0,1.0,1.0,1.0,0.0,0.0,0.0,0.0,0.0,0.0,0.0,0.0,0.0
653216,大口宮保雞丁飯糰,238.0,1,395.0,61.6,12.1,11.2,2.1,0.0,526.0,5.7,1,0,1,0,0,0,0,1,0,1,0,0,1.0,0.0,0.0,1.0,1.0,1.0,0.0,0.0,0.0,0.0,1.0,0.0,0.0,0.0,0.0,0.0
710890,肉鬆細卷,93.0,1,229.0,33.8,5.1,8.2,1.7,0.0,297.0,1.8,1,0,1,0,0,0,0,1,0,1,0,0,1.0,0.0,1.0,1.0,1.0,1.0,0.0,0.0,0.0,0.0,1.0,0.0,0.0,0.0,0.0,0.0
710909,鮪魚細卷,90.0,1,176.0,30.2,3.8,4.5,0.9,0.0,267.0,3.6,0,0,1,0,0,0,0,1,0,1,0,1,1.0,1.0,1.0,0.0,1.0,1.0,0.0,1.0,0.0,0.0,1.0,0.0,0.0,0.0,0.0,0.0
23417,台式芋頭鹹粥,500.0,1,395.0,50.4,14.5,15.0,4.4,0.0,975.0,2.0,1,0,1,0,0,1,0,0,0,0,0,0,1.0,0.0,0.0,0.0,1.0,1.0,1.0,0.0,0.0,1.0,1.0,0.0,0.0,0.0,0.0,0.0
156973,沙茶豬肉炒麵,324.0,1,486.0,65.1,21.7,15.6,3.2,0.0,1128.0,3.9,1,1,1,0,0,1,0,1,0,1,0,1,1.0,0.0,1.0,0.0,1.0,0.0,0.0,0.0,0.0,0.0,1.0,0.0,0.0,0.0,0.0,0.0
171018,生滾皮蛋煲粥,500.0,1,280.0,33.5,14.0,10.0,2.0,0.0,1505.0,1.0,1,0,1,0,0,0,0,1,0,1,0,0,1.0,0.0,0.0,1.0,1.0,1.0,0.0,0.0,0.0,0.0,1.0,0.0,0.0,0.0,0.0,0.0
243194,烤蔬菜蕃茄筆尖麵,355.0,1,451.0,78.5,16.7,7.8,1.8,0.0,1012.0,10.7,1,0,1,0,1,0,0,0,0,1,0,0,1.0,1.0,1.0,1.0,1.0,1.0,1.0,0.0,0.0,0.0,0.0,0.0,0.0,0.0,0.0,1.0
243203,清炒海鮮義大利麵,321.0,1,427.0,63.2,23.8,8.7,1.6,0.0,1056.0,0.0,1,0,1,0,0,1,0,0,1,1,0,1,1.0,0.0,0.0,0.0,0.0,1.0,1.0,0.0,0.0,0.0,1.0,0.0,0.0,0.0,0.0,0.0
247516,優質池上飯,170.0,1,291.0,63.9,4.3,2.0,0.5,0.0,14.0,0.0,0,0,1,0,0,0,0,0,0,0,0,0,1.0,1.0,1.0,1.0,1.0,1.0,1.0,1.0,0.0,1.0,1.0,0.0,0.0,0.0,0.0,0.0
256917,金咖哩甘口咖哩飯,523.0,1,659.0,118.2,16.2,13.6,4.7,0.0,1867.0,0.0,1,0,1,0,0,0,0,0,0,1,0,0,1.0,0.0,0.0,1.0,1.0,1.0,1.0,0.0,0.0,0.0,1.0,0.0,0.0,0.0,0.0,0.0
256985,金咖哩濃辛咖哩飯,525.0,1,709.0,114.5,17.9,20.0,6.3,0.0,1087.0,7.4,1,0,1,0,0,0,0,1,0,0,0,0,1.0,0.0,0.0,1.0,1.0,1.0,0.0,0.0,0.0,1.0,1.0,0.0,0.0,0.0,0.0,0.0
312286,沙茶豬肉燴飯,499.0,1,709.0,91.3,23.5,27.4,5.5,0.0,1118.0,2.5,1,1,1,0,0,1,0,1,0,1,0,1,1.0,0.0,0.0,0.0,1.0,0.0,0.0,0.0,0.0,0.0,1.0,0.0,0.0,0.0,0.0,0.0
327233,鐵板滑蛋炸豬排丼,468.0,1,693.0,112.3,24.3,16.4,3.7,0.0,1268.0,13.1,1,0,1,0,1,0,0,1,0,1,0,1,1.0,0.0,0.0,0.0,1.0,1.0,0.0,0.0,0.0,0.0,0.0,0.0,0.0,0.0,0.0,0.0
372674,健身Ｇ肉餐盒,381.0,1,450.0,67.8,27.8,7.6,2.7,0.0,438.0,5.7,1,0,1,0,1,0,0,0,0,1,0,0,1.0,0.0,0.0,1.0,1.0,1.0,1.0,0.0,0.0,0.0,0.0,0.0,0.0,0.0,0.0,0.0
383445,台式麻醬涼麵,293.0,1,489.0,58.3,13.8,22.3,3.2,0.0,718.0,6.2,1,0,1,0,0,0,0,1,1,1,0,0,1.0,1.0,1.0,1.0,0.0,1.0,0.0,0.0,0.0,0.0,1.0,0.0,1.0,0.0,0.0,0.0
383459,大滿足麻醬涼麵,414.0,1,696.0,85.3,19.5,30.6,4.6,0.0,1076.0,9.1,1,0,1,0,0,0,0,1,1,1,0,0,1.0,1.0,1.0,1.0,0.0,1.0,0.0,0.0,0.0,0.0,1.0,0.0,0.0,0.0,0.0,1.0
383463,大滿足香辣涼麵,417.0,1,692.0,83.4,19.2,31.3,5.0,0.0,959.0,5.0,1,0,1,0,0,0,0,1,1,1,0,0,1.0,1.0,1.0,1.0,0.0,1.0,0.0,0.0,0.0,0.0,1.0,0.0,0.0,0.0,0.0,1.0
383477,日式蕎麥沾麵,251.0,1,339.0,64.0,13.3,3.3,1.0,0.0,944.0,8.3,1,0,1,0,0,0,0,0,0,1,0,1,1.0,1.0,1.0,0.0,1.0,1.0,1.0,0.0,0.0,0.0,1.0,0.0,0.0,0.0,0.0,0.0
383481,胡麻讚岐烏龍冷麵,247.0,1,361.0,60.3,7.2,10.1,2.2,0.0,598.0,5.4,1,0,1,0,0,0,0,1,0,1,0,1,1.0,1.0,1.0,0.0,1.0,1.0,0.0,0.0,0.0,0.0,1.0,0.0,0.0,0.0,0.0,0.0
383495,椒麻香蔥涼拌麵,224.0,1,457.0,56.4,13.7,19.7,3.1,0.0,977.0,5.8,1,0,1,0,0,0,0,1,0,1,0,0,1.0,1.0,0.0,1.0,1.0,1.0,0.0,0.0,0.0,0.0,1.0,0.0,0.0,0.0,0.0,0.0
395494,獵人雞肉丸子茄汁鉛筆麵,346.0,1,675.0,69.9,29.4,30.8,13.8,0.0,1592.0,5.2,1,0,1,0,1,0,0,0,0,1,0,0,1.0,0.0,0.0,0.0,1.0,1.0,1.0,0.0,0.0,0.0,0.0,0.0,0.0,0.0,0.0,0.0
399193,日式豬排佐咖哩歐姆蛋燴飯,491.0,1,771.0,101.6,31.4,26.5,5.4,0.0,1463.0,3.9,1,0,1,0,1,0,0,1,1,1,0,0,1.0,0.0,0.0,1.0,0.0,1.0,0.0,0.0,0.0,0.0,0.0,0.0,0.0,0.0,0.0,0.0
399393,香草雞排佐白醬歐姆蛋燴飯,476.0,1,695.0,88.1,30.0,24.8,5.2,0.0,1795.0,2.9,1,0,1,0,1,0,0,0,0,1,0,0,1.0,0.0,0.0,1.0,1.0,1.0,1.0,0.0,0.0,0.0,0.0,0.0,0.0,0.0,0.0,0.0
399402,炙烤親子丼,488.0,1,722.0,106.4,26.8,21.0,3.9,0.0,1488.0,9.8,1,0,1,0,1,0,0,1,0,1,0,1,1.0,0.0,0.0,0.0,1.0,1.0,0.0,0.0,0.0,0.0,0.0,0.0,0.0,0.0,0.0,0.0
426594,鮮筍雞茸粥,500.0,1,312.0,41.5,9.5,12.0,2.0,0.0,1675.0,3.5,1,0,1,0,0,1,0,0,0,0,0,0,1.0,1.0,0.0,0.0,1.0,1.0,1.0,0.0,0.0,1.0,1.0,0.0,0.0,0.0,0.0,0.0
426908,炭香燒豚飯,351.0,1,534.0,76.5,15.4,18.3,7.4,0.0,849.0,8.1,1,0,1,0,1,1,0,1,0,1,0,1,1.0,0.0,1.0,0.0,1.0,1.0,0.0,0.0,0.0,0.0,0.0,0.0,0.0,0.0,0.0,0.0
448045,蕃茄鮪魚冷義大利麵,304.0,1,301.0,45.9,14.3,6.7,2.1,0.0,821.0,7.3,1,0,1,0,1,0,0,0,0,1,0,1,1.0,1.0,0.0,0.0,1.0,1.0,1.0,0.0,0.0,0.0,0.0,0.0,0.0,0.0,0.0,0.0
448059,羅勒海鮮冷義大利麵,246.0,1,312.0,41.8,12.8,10.3,2.2,0.0,645.0,7.4,1,0,1,0,1,1,0,0,1,0,0,1,1.0,1.0,0.0,0.0,0.0,1.0,1.0,0.0,0.0,0.0,0.0,0.0,0.0,0.0,0.0,0.0
448063,明太子鮭魚冷義大利麵,256.0,1,348.0,44.5,13.6,12.8,3.1,0.0,765.0,1.5,1,0,1,0,1,1,0,0,0,1,0,1,1.0,1.0,0.0,0.0,1.0,1.0,1.0,0.0,0.0,0.0,0.0,0.0,0.0,0.0,0.0,0.0
448077,日式蔥鹽雞肉冷麵,311.0,1,435.0,70.9,15.2,10.0,1.9,0.0,1185.0,3.4,1,0,1,0,0,0,0,1,0,1,0,0,1.0,0.0,0.0,1.0,1.0,1.0,0.0,0.0,0.0,0.0,1.0,0.0,0.0,0.0,0.0,0.0
477731,皮蛋辣拌麵,341.0,1,621.0,73.3,22.5,26.3,6.1,0.0,1163.0,6.5,1,0,1,0,0,0,0,1,0,1,0,0,1.0,0.0,1.0,0.0,1.0,1.0,0.0,0.0,0.0,0.0,1.0,0.0,0.0,0.0,0.0,0.0
496193,黑纖雞肉粥,500.0,1,291.0,29.5,15.0,12.5,2.5,0.0,870.0,3.0,1,0,1,0,0,0,0,1,0,0,0,0,1.0,0.0,0.0,0.0,1.0,1.0,0.0,0.0,0.0,1.0,1.0,0.0,0.0,0.0,0.0,0.0
496220,海之味漁夫飯,327.0,1,425.0,84.4,13.4,3.6,1.3,0.0,1086.0,4.3,1,0,1,0,1,0,0,0,0,1,0,1,1.0,0.0,0.0,0.0,1.0,1.0,1.0,0.0,0.0,0.0,0.0,0.0,0.0,0.0,0.0,0.0
496248,糖燻野郎熟成牛飯,333.0,1,656.0,97.2,14.7,23.0,7.7,0.0,1152.0,13.0,1,0,1,0,1,0,0,1,0,1,0,1,0.0,0.0,1.0,0.0,1.0,1.0,0.0,0.0,0.0,0.0,0.0,0.0,0.0,0.0,0.0,0.0
496284,壹號醬鹽蔥雞豚飯,343.0,1,621.0,96.0,20.9,16.8,5.5,0.0,1142.0,7.9,1,0,1,0,1,0,0,1,0,1,0,1,1.0,0.0,0.0,0.0,1.0,1.0,0.0,0.0,0.0,0.0,0.0,0.0,0.0,0.0,0.0,0.0
502762,嘉義劉里長雞肉飯,354.0,1,563.0,93.8,19.5,12.0,2.8,0.0,789.0,2.5,1,0,1,0,0,0,0,0,0,1,0,1,1.0,0.0,0.0,0.0,1.0,1.0,1.0,0.0,0.0,0.0,1.0,0.0,0.0,0.0,0.0,0.0
505247,嘉義劉里長剝皮瓜仔雞飯,391.0,1,497.0,95.0,17.2,5.5,1.6,0.0,989.0,5.9,1,0,1,0,0,0,0,0,0,1,0,0,1.0,0.0,0.0,1.0,1.0,1.0,1.0,0.0,0.0,0.0,1.0,0.0,0.0,0.0,0.0,0.0
910537,香滑嫩蛋牛肉燴飯,470.0,1,479.0,71.9,19.3,12.7,4.7,0.5,1119.0,2.8,1,0,1,0,1,0,0,1,0,1,0,1,0.0,0.0,0.0,0.0,1.0,1.0,0.0,0.0,0.0,0.0,0.0,0.0,0.0,0.0,0.0,0.0
910569,四川風味麻婆豆腐燴飯,464.0,1,710.0,102.1,30.2,20.0,3.2,0.0,1151.0,4.6,1,0,1,0,0,0,0,1,0,1,0,0,1.0,0.0,0.0,1.0,1.0,1.0,0.0,0.0,0.0,0.0,1.0,0.0,0.0,0.0,0.0,0.0
1220214,炸醬炒泡麵,318.0,1,773.0,89.0,17.2,38.8,11.6,0.0,1472.0,7.0,1,0,1,0,0,0,0,1,0,0,0,0,1.0,0.0,0.0,0.0,1.0,1.0,0.0,0.0,0.0,1.0,1.0,0.0,0.0,0.0,0.0,0.0
1240181,海鮮明太子風奶香義大利麵,328.0,1,466.0,63.6,22.6,13.4,3.6,0.0,987.0,3.0,1,0,1,0,1,1,0,0,0,1,0,1,1.0,0.0,0.0,0.0,1.0,1.0,1.0,0.0,0.0,0.0,0.0,0.0,0.0,0.0,0.0,0.0
517741,藍莓優格三明治,59.0,1,142.0,23.4,4.1,3.6,1.8,0.0,200.0,3.3,1,0,1,0,1,0,0,0,0,1,0,0,0.0,1.0,1.0,1.0,1.0,1.0,1.0,0.0,0.0,0.0,0.0,0.0,0.0,0.0,0.0,0.0
536571,水果派對三明治,94.0,1,165.0,26.6,3.9,4.8,2.8,0.0,200.0,8.9,1,0,1,0,1,0,0,0,0,0,0,0,0.0,1.0,1.0,1.0,1.0,1.0,1.0,0.0,0.0,1.0,0.0,0.0,0.0,0.0,0.0,0.0
544762,彩蔬洋芋三明治,123.0,1,234.0,30.3,5.8,10.0,1.8,0.0,344.0,6.4,1,0,0,0,0,0,0,0,0,1,0,0,1.0,1.0,1.0,1.0,1.0,1.0,1.0,0.0,1.0,0.0,1.0,0.0,0.0,0.0,1.0,0.0
554650,香雞蛋堡,116.0,1,254.0,28.1,11.9,10.4,2.4,0.0,583.0,2.7,1,0,1,0,1,0,0,0,0,1,0,0,1.0,1.0,0.0,1.0,1.0,1.0,1.0,0.0,0.0,0.0,0.0,0.0,0.0,0.0,0.0,0.0
90331,青檸烤雞握沙拉,136.0,1,228.0,26.7,9.8,9.2,1.5,0.0,598.0,4.6,1,0,1,0,0,0,0,0,0,1,0,0,1.0,1.0,0.0,1.0,1.0,1.0,1.0,0.0,0.0,0.0,1.0,0.0,0.0,0.0,0.0,0.0
148605,青醬優格雞肉握沙拉,133.0,1,267.0,26.6,11.3,12.9,2.3,0.0,599.0,5.7,1,0,1,0,1,0,0,0,1,1,0,1,0.0,0.0,0.0,0.0,0.0,1.0,1.0,0.0,0.0,0.0,0.0,0.0,0.0,0.0,0.0,0.0
361435,雙色地瓜雞肉握沙拉,142.0,1,314.0,43.6,6.5,12.6,2.1,0.0,544.0,14.6,1,0,0,0,1,0,0,0,0,1,0,0,0.0,1.0,0.0,1.0,1.0,1.0,1.0,0.0,1.0,0.0,0.0,0.0,0.0,0.0,0.0,0.0
367013,五色海藻沙拉,160.0,1,38.4,8.0,1.6,0.0,0.0,0.0,235.0,5.6,1,0,1,0,0,0,0,1,0,0,0,0,1.0,1.0,1.0,1.0,1.0,1.0,0.0,0.0,0.0,1.0,1.0,0.0,0.0,0.0,0.0,0.0
401863,蕃茄蛋洋芋握沙拉,140.0,1,249.0,24.1,8.7,13.2,2.7,0.0,353.0,5.6,1,0,0,0,0,0,0,0,0,1,0,0,1.0,1.0,1.0,1.0,1.0,1.0,1.0,0.0,1.0,0.0,1.0,0.0,1.0,0.0,0.0,0.0
430204,十品目田園沙拉,180.0,1,71.2,16.2,1.6,0.0,0.0,0.0,30.2,11.9,0,0,0,0,0,0,0,0,0,0,0,0,1.0,1.0,1.0,1.0,1.0,1.0,1.0,1.0,1.0,1.0,1.0,1.0,0.0,0.0,0.0,0.0
432947,凱薩沙拉,130.0,1,47.2,8.3,1.7,0.8,0.1,0.0,38.5,3.4,1,0,1,0,0,0,0,0,0,0,0,0,1.0,1.0,1.0,1.0,1.0,1.0,1.0,0.0,0.0,1.0,1.0,0.0,0.0,0.0,0.0,1.0
441920,優格鮪魚沙拉,100.0,1,157.0,20.6,4.7,6.2,1.9,0.0,232.0,10.1,0,0,1,0,1,0,0,0,0,1,0,1,0.0,1.0,1.0,0.0,1.0,1.0,1.0,1.0,0.0,0.0,0.0,0.0,0.0,0.0,0.0,0.0
25146,招牌高麗菜鍋貼,56.0,3,106.0,9.9,3.8,5.8,1.6,0.0,225.0,1.5,1,0,1,0,0,0,0,1,0,0,0,0,1.0,0.0,0.0,1.0,1.0,1.0,0.0,0.0,0.0,1.0,1.0,0.0,0.0,0.0,0.0,0.0
95240,鮮筍排骨湯,320.0,1,159.4,2.9,18.2,8.3,2.9,0.0,490.0,1.9,1,0,1,0,0,0,0,0,0,0,0,0,1.0,0.0,1.0,1.0,1.0,1.0,1.0,0.0,0.0,1.0,1.0,0.0,0.0,0.0,0.0,0.0
153448,雙起司蔥抓餅,130.0,1,403.0,45.8,10.8,19.6,8.5,0.0,590.0,3.5,1,1,1,0,1,0,0,0,0,0,0,0,1.0,1.0,1.0,1.0,1.0,0.0,1.0,0.0,0.0,1.0,0.0,0.0,0.0,0.0,0.0,1.0
153452,小滷青蔬,167.0,1,65.0,7.3,2.3,2.8,0.5,0.0,798.0,2.7,1,0,1,0,0,0,0,0,0,0,0,0,1.0,1.0,1.0,1.0,1.0,1.0,1.0,0.0,0.0,1.0,1.0,1.0,0.0,0.0,0.0,0.0
204883,黃金霸王腿條,88.0,1,241.0,10.6,11.3,17.0,5.7,0.0,555.0,0.2,1,0,1,0,1,0,0,0,0,1,0,0,1.0,1.0,0.0,1.0,1.0,1.0,1.0,0.0,0.0,0.0,0.0,0.0,0.0,0.0,0.0,0.0
204906,香辣霸王雞球,96.0,1,292.0,16.3,13.6,19.2,7.1,0.0,658.0,0.0,1,0,1,0,1,0,0,0,0,1,0,0,1.0,1.0,0.0,1.0,1.0,1.0,1.0,0.0,0.0,0.0,0.0,0.0,0.0,0.0,0.0,0.0
204910,日式唐揚雞,75.0,1,164.0,10.5,11.9,8.3,3.0,0.0,330.0,0.5,1,0,1,0,1,0,0,0,0,1,0,0,1.0,1.0,0.0,1.0,1.0,1.0,1.0,0.0,0.0,0.0,0.0,0.0,0.0,0.0,0.0,0.0
204924,匈牙利香草烤雞翅,95.0,1,202.0,1.5,19.4,13.1,3.0,0.0,500.0,0.6,1,0,0,0,1,0,0,0,0,0,0,0,1.0,1.0,0.0,1.0,1.0,1.0,1.0,0.0,1.0,1.0,0.0,0.0,0.0,0.0,0.0,0.0
204938,沙茶香辣雞胗,110.0,1,225.6,5.9,24.4,11.6,1.8,0.0,925.0,5.0,1,1,1,0,0,1,0,1,0,0,0,1,1.0,1.0,0.0,0.0,1.0,0.0,0.0,0.0,0.0,1.0,1.0,0.0,0.0,0.0,0.0,0.0
204942,蒜香綜合滷味,105.0,1,229.8,6.5,18.6,14.4,3.9,0.0,595.0,3.7,1,0,1,0,0,0,0,1,0,1,0,0,1.0,0.0,0.0,1.0,1.0,1.0,0.0,0.0,0.0,0.0,1.0,0.0,0.0,0.0,0.0,0.0
289752,日式溫泉蛋,40.0,2,57.0,0.8,5.4,3.6,1.3,0.0,189.0,0.2,1,0,1,0,0,0,0,0,0,1,0,0,1.0,1.0,1.0,1.0,1.0,1.0,1.0,0.0,0.0,0.0,1.0,0.0,0.0,0.0,0.0,0.0
344516,雞汁油蔥手工麵線,220.0,1,290.0,39.2,9.2,10.8,1.5,0.0,532.0,0.9,1,0,1,0,0,0,0,1,0,0,0,0,1.0,0.0,0.0,1.0,1.0,1.0,0.0,0.0,0.0,1.0,1.0,0.0,0.0,0.0,0.0,0.0
372779,紹興翅小腿,105.0,1,180.0,3.2,19.4,9.9,2.7,0.0,760.0,2.1,1,0,1,0,1,0,0,0,0,0,0,0,1.0,1.0,0.0,1.0,1.0,1.0,1.0,0.0,0.0,1.0,0.0,0.0,0.0,0.0,0.0,0.0
427209,匈牙利風味香草烤雞腿,118.0,1,150.0,0.5,24.2,5.7,1.8,0.0,605.0,0.0,1,0,0,0,1,0,0,0,0,1,0,0,1.0,1.0,0.0,1.0,1.0,1.0,1.0,0.0,1.0,0.0,0.0,0.0,0.0,0.0,0.0,0.0
515317,香菇雞燉湯,320.0,1,139.0,8.3,17.0,4.2,1.0,0.0,1405.0,1.6,1,0,1,0,0,0,0,0,0,0,0,0,1.0,0.0,0.0,1.0,1.0,1.0,1.0,0.0,0.0,1.0,1.0,0.0,0.0,0.0,0.0,0.0
566122,四神豬肚湯,320.0,1,157.0,20.5,13.8,2.2,1.0,0.0,665.6,0.0,1,0,1,0,0,0,0,0,0,0,0,0,1.0,0.0,1.0,1.0,1.0,1.0,1.0,0.0,0.0,1.0,1.0,0.0,0.0,0.0,0.0,0.0
1531120,蒸蛋湯,340.0,1,139.4,4.4,13.6,7.5,2.1,0.0,993.0,2.7,1,0,1,0,0,0,0,1,0,1,0,0,1.0,0.0,0.0,0.0,1.0,1.0,0.0,0.0,0.0,0.0,1.0,0.0,0.0,0.0,0.0,0.0
156414,鮮乳虎皮蛋糕捲,110.0,1,506.7,47.3,9.4,31.1,12.0,0.0,172.5,35.9,1,1,1,0,1,0,1,1,1,1,0,1,1.0,1.0,1.0,0.0,0.0,0.0,0.0,0.0,0.0,0.0,0.0,0.0,0.0,0.0,1.0,0.0
263952,牧場直送４．０鮮乳優格,140.0,1,108.9,13.2,4.2,5.3,3.5,0.0,53.0,7.1,0,0,0,0,1,0,0,0,0,0,0,0,1.0,1.0,1.0,1.0,1.0,1.0,1.0,1.0,1.0,1.0,0.0,0.0,0.0,1.0,0.0,0.0
414622,經典雙色小泡芙,78.0,1,219.0,19.4,5.3,13.3,6.1,0.0,107.0,11.1,1,0,1,0,1,0,0,0,0,1,0,0,1.0,1.0,1.0,1.0,1.0,1.0,1.0,0.0,0.0,0.0,0.0,0.0,0.0,0.0,1.0,0.0
415755,香草卡士達泡芙,65.0,1,167.0,14.7,3.6,10.4,4.8,0.0,73.0,8.4,1,0,1,0,1,0,0,0,0,1,0,0,1.0,1.0,1.0,1.0,1.0,1.0,1.0,0.0,0.0,0.0,0.0,0.0,0.0,0.0,1.0,0.0
415769,鮮乳脆皮泡芙,81.0,1,230.0,25.7,4.1,12.3,7.4,0.0,98.0,15.0,1,1,1,0,1,0,0,0,0,1,0,0,1.0,1.0,1.0,1.0,1.0,0.0,1.0,0.0,0.0,0.0,0.0,0.0,0.0,0.0,1.0,0.0
415773,法式檸檬塔,72.0,1,267.0,31.6,4.5,13.6,5.8,0.0,48.0,18.5,1,0,1,0,1,0,0,0,0,1,0,0,1.0,0.0,1.0,1.0,1.0,1.0,1.0,0.0,0.0,0.0,0.0,0.0,0.0,0.0,0.0,0.0
531280,香檸鹽之花熔岩蛋糕,90.0,1,351.1,33.4,6.0,21.5,8.3,0.0,284.0,22.1,1,1,1,0,1,0,1,1,1,1,0,1,1.0,1.0,1.0,0.0,0.0,0.0,0.0,0.0,0.0,0.0,0.0,0.0,0.0,0.0,1.0,0.0
556739,芋泥Ｑ心球,37.0,3,123.7,19.0,1.8,4.5,2.5,0.06,182.6,9.7,1,1,1,0,1,0,1,1,1,1,0,1,1.0,1.0,1.0,0.0,0.0,0.0,0.0,0.0,0.0,0.0,0.0,0.0,0.0,0.0,1.0,0.0
556743,紅豆ｍｉｎｉ銅鑼燒,13.0,6,38.6,6.5,0.9,1.0,0.2,0.0,36.0,3.4,1,1,1,0,1,0,1,1,1,1,0,0,1.0,1.0,1.0,1.0,0.0,0.0,0.0,0.0,0.0,0.0,0.0,0.0,1.0,0.0,0.0,0.0
578549,可可熔岩烏龍茶戚風蛋糕,90.0,1,331.8,32.2,7.1,19.4,6.9,0.0,209.6,18.5,1,1,1,0,1,0,1,1,1,1,0,1,1.0,1.0,1.0,0.0,0.0,0.0,0.0,0.0,0.0,0.0,0.0,0.0,0.0,0.0,1.0,0.0
578862,烏龍茶可可千層蛋糕,55.0,1,152.7,12.9,2.1,10.3,7.8,0.0,86.0,8.3,1,1,1,0,1,0,1,1,0,1,0,1,1.0,1.0,1.0,0.0,1.0,0.0,0.0,0.0,0.0,0.0,0.0,0.0,0.0,0.0,1.0,0.0
1950316,巧克力捲,25.0,2,94.0,14.9,2.9,2.5,0.9,0.0,32.0,3.4,1,0,1,0,1,0,0,0,0,0,0,0,1.0,1.0,1.0,1.0,1.0,1.0,1.0,0.0,0.0,1.0,0.0,0.0,0.0,1.0,0.0,0.0
1950348,蜂蜜牛奶球,11.0,5,39.0,7.0,1.0,0.8,0.3,0.0,13.0,1.4,1,0,0,0,1,0,0,0,0,0,0,0,1.0,1.0,1.0,1.0,1.0,1.0,1.0,0.0,1.0,1.0,0.0,0.0,0.0,1.0,0.0,0.0
1950352,草莓夾心,18.0,4,55.0,10.2,1.6,0.9,0.3,0.0,19.0,3.0,1,0,0,0,0,0,0,0,0,0,0,0,1.0,1.0,1.0,1.0,1.0,1.0,1.0,0.0,1.0,1.0,1.0,1.0,0.0,0.0,0.0,0.0
2620283,福樂頂級希臘式優格,135.0,1,115.0,9.9,7.3,5.1,3.4,0.0,69.0,8.8,1,1,1,0,1,0,1,1,0,0,0,0,1.0,1.0,1.0,1.0,1.0,0.0,0.0,0.0,0.0,1.0,0.0,0.0,0.0,0.0,0.0,0.0
2620451,福樂頂級鮮奶優酪,135.0,1,84.0,5.5,4.2,5.0,3.5,0.0,55.0,4.2,1,1,1,0,1,0,1,1,0,0,0,0,1.0,1.0,1.0,1.0,1.0,0.0,0.0,0.0,0.0,1.0,0.0,0.0,0.0,0.0,0.0,0.0
40786,巧克力派司,75.0,1,405.0,37.0,5.9,25.9,13.4,0.0,265.0,9.4,1,1,1,0,1,0,1,1,1,1,0,0,1.0,1.0,1.0,1.0,0.0,0.0,0.0,0.0,0.0,0.0,0.0,0.0,0.0,0.0,1.0,0.0
76456,蔥花麵包,100.0,1,367.0,49.1,9.0,14.9,6.5,0.0,427.0,11.7,1,0,1,0,1,0,0,0,0,1,0,0,1.0,0.0,1.0,1.0,0.0,0.0,0.0,0.0,0.0,0.0,0.0,0.0,0.0,0.0,0.0,0.0
102306,鹹奶油菠蘿小土司,100.0,1,433.0,57.0,9.1,18.7,10.3,0.5,207.0,17.4,1,0,1,0,1,0,0,0,0,1,0,0,1.0,1.0,1.0,1.0,0.0,0.0,0.0,0.0,0.0,0.0,0.0,0.0,0.0,0.0,1.0,0.0
124748,維也納奶油軟法,95.0,1,393.0,50.6,8.3,17.5,10.4,0.7,446.0,8.5,1,0,1,0,1,0,0,0,0,0,0,0,1.0,1.0,1.0,1.0,0.0,0.0,0.0,0.0,0.0,0.0,0.0,0.0,0.0,1.0,0.0,0.0
143623,紫薯芋泥軟歐,90.0,1,250.0,44.6,6.3,5.1,1.6,0.0,251.0,13.4,1,1,1,0,1,0,0,1,1,1,0,0,1.0,1.0,1.0,1.0,0.0,0.0,0.0,0.0,0.0,0.0,0.0,1.0,0.0,0.0,0.0,0.0
208023,黃金奶油鹽可頌,78.0,1,267.0,33.6,7.3,11.5,7.3,0.0,504.0,4.2,1,0,1,0,1,0,0,0,0,0,0,0,1.0,1.0,1.0,1.0,0.0,0.0,0.0,0.0,0.0,0.0,0.0,0.0,0.0,1.0,0.0,0.0
226857,菠蘿麵包,100.0,1,373.0,52.9,10.1,13.4,6.8,0.0,195.0,14.5,1,0,1,0,1,0,0,0,0,1,0,0,1.0,1.0,1.0,1.0,0.0,0.0,0.0,0.0,0.0,0.0,0.0,0.0,0.0,0.0,1.0,0.0
274664,墨西哥葡萄奶酥麵包,115.0,1,465.0,56.7,9.2,22.3,10.5,0.0,459.0,26.0,1,1,1,0,1,0,1,1,1,1,0,0,1.0,1.0,1.0,1.0,0.0,0.0,0.0,0.0,0.0,0.0,0.0,0.0,0.0,0.0,1.0,0.0
275688,帕瑪森起司方塊堡,85.0,1,265.0,36.6,7.7,9.8,4.5,0.0,347.0,10.7,1,1,1,0,1,0,1,1,1,1,0,0,1.0,1.0,1.0,1.0,0.0,0.0,0.0,0.0,0.0,0.0,0.0,0.0,0.0,0.0,1.0,0.0
309704,韓國麵包球,25.0,5,102.0,14.4,1.5,4.3,0.9,0.0,56.0,4.6,1,0,1,0,1,0,0,1,0,1,0,0,1.0,1.0,1.0,1.0,1.0,1.0,0.0,0.0,0.0,0.0,0.0,0.0,0.0,0.0,1.0,0.0
318896,琥珀楓糖小可頌,48.0,1,221.0,23.7,4.2,12.2,5.2,0.0,203.0,4.9,1,1,1,0,1,0,1,1,1,1,0,0,1.0,1.0,1.0,1.0,0.0,0.0,0.0,0.0,0.0,0.0,0.0,0.0,1.0,0.0,0.0,0.0
333127,葡萄丹麥捲,75.0,1,304.0,35.3,5.5,15.6,6.6,0.0,332.0,15.7,1,1,1,0,1,0,1,1,1,1,0,0,1.0,1.0,1.0,1.0,0.0,0.0,0.0,0.0,0.0,0.0,0.0,0.0,0.0,0.0,1.0,0.0
344489,巧克力菠蘿,100.0,1,346.0,47.9,9.4,13.0,6.3,0.0,195.0,15.5,1,0,1,0,1,0,0,0,0,1,0,0,1.0,1.0,1.0,1.0,1.0,1.0,1.0,0.0,0.0,0.0,0.0,0.0,0.0,0.0,1.0,0.0
353171,香蒜起司麵包,90.0,1,292.0,36.5,10.5,11.4,6.0,0.0,530.0,3.4,1,0,1,0,1,0,0,0,0,0,0,0,1.0,1.0,1.0,1.0,1.0,1.0,1.0,0.0,0.0,1.0,0.0,0.0,0.0,0.0,0.0,1.0
426821,海鹽奶香羅宋,100.0,1,389.0,51.6,8.4,16.5,7.4,0.0,678.0,11.3,1,1,1,0,1,0,1,1,1,1,0,0,1.0,1.0,1.0,1.0,0.0,0.0,0.0,0.0,0.0,0.0,0.0,0.0,0.0,0.0,0.0,0.0
428750,醇厚巧克力球,85.0,1,294.0,46.2,3.8,10.5,5.4,0.0,264.0,15.7,1,1,1,0,1,0,1,1,1,1,0,0,1.0,1.0,1.0,1.0,0.0,0.0,0.0,0.0,0.0,0.0,0.0,0.0,0.0,0.0,1.0,0.0
440483,法式巧克力拔絲麵包,120.0,1,403.0,60.8,12.4,12.2,7.8,0.0,305.0,13.2,1,0,1,0,1,0,0,0,0,1,0,0,1.0,1.0,1.0,1.0,1.0,1.0,1.0,0.0,0.0,0.0,0.0,0.0,0.0,0.0,1.0,0.0
459420,厚切醇乳香土司,191.0,2,548.0,96.3,18.9,9.7,4.6,0.0,663.0,13.0,1,0,1,0,1,0,0,0,0,0,0,0,1.0,1.0,1.0,1.0,1.0,1.0,1.0,0.0,0.0,1.0,0.0,0.0,0.0,1.0,0.0,0.0
475420,毛毛蟲奶露麵包,85.0,1,301.0,39.9,7.5,12.4,6.4,0.0,302.0,9.8,1,1,1,0,1,0,0,1,1,1,0,0,1.0,1.0,1.0,1.0,0.0,0.0,0.0,0.0,0.0,0.0,0.0,0.0,0.0,0.0,1.0,0.0
488198,芝心乳酪丹麥,60.0,1,251.0,27.6,5.8,13.1,1.6,0.0,285.0,5.4,1,1,1,0,1,0,1,1,1,1,0,0,1.0,1.0,1.0,1.0,0.0,0.0,0.0,0.0,0.0,0.0,0.0,0.0,0.0,0.0,1.0,0.0
504928,芋泥金沙麻吉麵包,94.0,1,271.0,50.1,6.8,4.8,1.9,0.0,204.0,15.2,1,0,1,0,1,0,0,0,0,1,0,0,1.0,1.0,1.0,1.0,1.0,1.0,1.0,0.0,0.0,0.0,0.0,0.0,0.0,0.0,1.0,0.0
504932,花生煉乳軟法,95.0,1,314.0,44.2,10.0,10.8,5.7,0.0,447.0,8.0,1,1,1,0,1,0,0,1,1,1,0,0,1.0,1.0,1.0,1.0,0.0,0.0,0.0,0.0,0.0,0.0,0.0,0.0,0.0,1.0,0.0,0.0
507962,脆皮巧克力麵包,65.0,1,229.0,36.1,5.0,7.2,4.0,0.0,185.0,9.4,1,1,1,0,1,0,1,1,1,1,0,0,1.0,1.0,1.0,1.0,0.0,0.0,0.0,0.0,0.0,0.0,0.0,0.0,0.0,0.0,1.0,0.0
523980,菠蘿奶酥麵包,100.0,1,383.0,55.2,8.2,14.4,5.2,0.0,233.0,22.4,1,1,1,0,1,0,1,1,1,1,0,0,1.0,1.0,1.0,1.0,0.0,0.0,0.0,0.0,0.0,0.0,0.0,0.0,0.0,0.0,1.0,0.0
524895,蜂蜜檸檬雙享夾心土司,36.0,1,113.0,14.8,2.9,4.7,2.2,0.0,101.0,3.8,1,0,1,0,1,0,0,0,0,0,0,0,1.0,1.0,1.0,1.0,1.0,1.0,1.0,0.0,0.0,1.0,0.0,0.0,0.0,0.0,0.0,0.0
538991,蜜香紅茶蘋果鬆餅,112.0,1,360.0,60.4,4.9,11.0,3.0,0.0,364.0,38.8,1,0,1,0,1,0,0,0,0,1,0,0,1.0,1.0,1.0,1.0,1.0,1.0,1.0,0.0,0.0,0.0,0.0,0.0,0.0,0.0,1.0,0.0
539006,香橙乳酪球,90.0,1,237.0,40.9,6.6,5.2,3.2,0.0,279.0,10.4,1,1,1,0,1,0,0,1,1,1,0,0,1.0,1.0,1.0,1.0,0.0,0.0,0.0,0.0,0.0,0.0,0.0,0.0,0.0,1.0,0.0,0.0
555838,醇黑可可軟法,90.0,1,328.0,41.8,8.5,14.0,7.7,0.0,358.0,7.5,1,1,1,0,1,0,0,1,1,1,0,0,1.0,1.0,1.0,1.0,0.0,0.0,0.0,0.0,0.0,0.0,0.0,0.0,0.0,1.0,0.0,0.0
556725,大納言紅豆鬆餅,120.0,1,359.0,56.4,6.8,11.8,3.1,0.0,369.0,31.6,1,0,1,0,1,0,0,0,0,1,0,0,1.0,1.0,1.0,1.0,1.0,1.0,1.0,0.0,0.0,0.0,0.0,0.0,0.0,0.0,1.0,0.0
556866,大納言紅豆奶油滿餡麵包,108.0,1,360.0,51.7,8.4,13.3,5.6,0.0,269.0,20.1,1,0,1,0,1,0,0,0,0,1,0,0,1.0,1.0,1.0,1.0,1.0,1.0,1.0,0.0,0.0,0.0,0.0,0.0,0.0,0.0,1.0,0.0
557212,紅豆丹麥捲,80.0,1,302.0,36.3,6.4,14.5,6.2,0.0,318.0,10.0,1,1,1,0,1,0,1,1,1,1,0,0,1.0,1.0,1.0,1.0,0.0,0.0,0.0,0.0,0.0,0.0,0.0,0.0,0.0,0.0,1.0,0.0
564443,藍莓桑葚乳酪Ｑ貝果,85.0,1,236.0,42.7,7.7,3.9,1.4,0.0,347.0,5.5,1,1,1,0,1,0,1,1,1,1,0,0,1.0,1.0,1.0,1.0,0.0,0.0,0.0,0.0,0.0,0.0,0.0,0.0,0.0,0.0,0.0,0.0
567300,藍莓夾心土司,78.0,1,216.0,33.5,5.1,6.9,3.2,0.0,258.0,10.4,1,0,1,0,1,0,0,0,0,0,0,0,1.0,1.0,1.0,1.0,1.0,1.0,1.0,0.0,0.0,1.0,0.0,0.0,0.0,1.0,0.0,0.0
575628,香醇奶油抹醬麵包,85.0,1,277.0,39.1,7.3,10.2,4.3,0.0,437.0,7.3,1,1,1,0,1,0,1,1,1,1,0,0,1.0,1.0,1.0,1.0,0.0,0.0,0.0,0.0,0.0,0.0,0.0,0.0,0.0,0.0,1.0,0.0
1820062,丹麥菠蘿可頌,92.0,1,390.0,46.0,7.9,19.4,9.5,0.0,196.0,25.6,1,1,1,0,1,0,1,1,1,1,0,0,1.0,1.0,1.0,1.0,0.0,0.0,0.0,0.0,0.0,0.0,0.0,0.0,0.0,0.0,1.0,0.0
1870021,紅豆麵包,104.0,1,291.0,52.1,8.5,5.4,2.0,0.0,204.0,10.1,1,0,1,0,1,0,0,1,0,1,0,0,1.0,1.0,1.0,1.0,1.0,1.0,0.0,0.0,0.0,0.0,0.0,0.0,0.0,0.0,1.0,0.0
1870053,草莓麵包,91.0,1,244.0,45.5,6.4,4.2,1.5,0.0,192.0,6.6,1,0,1,0,1,0,0,0,0,1,0,0,1.0,1.0,1.0,1.0,1.0,1.0,1.0,0.0,0.0,0.0,0.0,0.0,0.0,0.0,1.0,0.0
1870071,海苔肉鬆沙拉麵包,90.0,1,375.0,40.5,9.5,19.4,3.7,0.0,422.0,11.0,1,0,1,0,1,0,0,1,0,1,0,0,1.0,0.0,1.0,1.0,1.0,1.0,0.0,0.0,0.0,0.0,0.0,0.0,0.0,0.0,0.0,0.0
1870085,醇黑可可好棒棒,125.0,1,528.0,68.5,10.4,23.6,9.5,0.0,330.0,19.0,1,0,1,0,1,0,0,0,0,1,0,0,1.0,1.0,1.0,1.0,1.0,1.0,1.0,0.0,0.0,0.0,0.0,0.0,0.0,0.0,1.0,0.0
1870162,克林姆麵包,96.0,1,254.0,44.7,7.0,5.3,2.3,0.0,205.0,12.0,1,0,1,0,1,0,0,0,0,1,0,0,1.0,1.0,1.0,1.0,1.0,1.0,1.0,0.0,0.0,0.0,0.0,0.0,0.0,0.0,1.0,0.0
1870194,奶酥麵包,96.0,1,384.0,47.3,8.8,17.8,8.8,0.0,240.0,17.2,1,0,1,0,1,0,0,0,0,1,0,0,1.0,1.0,1.0,1.0,1.0,1.0,1.0,0.0,0.0,0.0,0.0,0.0,0.0,0.0,1.0,0.0
1870203,香濃牛奶好棒棒,120.0,1,474.0,61.6,10.8,20.5,8.7,0.0,323.0,13.0,1,0,1,0,1,0,0,0,0,1,0,0,1.0,1.0,1.0,1.0,1.0,1.0,1.0,0.0,0.0,0.0,0.0,0.0,0.0,0.0,1.0,0.0
1870271,起酥葡萄奶酥,106.0,1,424.0,48.3,8.7,21.7,10.6,0.0,314.0,12.2,1,0,1,0,1,0,0,1,0,1,0,0,1.0,1.0,1.0,1.0,1.0,1.0,0.0,0.0,0.0,0.0,0.0,0.0,0.0,0.0,1.0,0.0
1871009,果粒草莓滿餡麵包,99.0,1,299.0,45.4,6.9,9.9,4.0,0.0,206.0,18.9,1,1,1,0,1,0,0,0,0,1,0,0,1.0,1.0,1.0,1.0,1.0,0.0,1.0,0.0,0.0,0.0,0.0,0.0,0.0,0.0,1.0,0.0
1871063,深焙花生滿餡麵包,102.0,1,461.0,44.0,10.8,26.8,8.8,0.0,332.0,16.2,1,0,1,0,1,0,0,0,1,1,0,0,1.0,1.0,1.0,1.0,0.0,1.0,1.0,0.0,0.0,0.0,0.0,0.0,0.0,0.0,1.0,0.0
1871445,起酥肉鬆麵包,95.0,1,379.0,46.2,9.1,17.6,3.6,0.0,314.0,7.5,1,0,1,0,1,0,0,1,0,1,0,0,1.0,0.0,1.0,1.0,1.0,1.0,0.0,0.0,0.0,0.0,0.0,0.0,0.0,0.0,0.0,0.0
1871504,榛果可可滿餡麵包,94.0,1,414.0,40.7,8.5,24.2,9.7,0.0,242.0,14.1,1,1,1,0,1,0,0,0,0,1,0,0,1.0,1.0,1.0,1.0,1.0,0.0,1.0,0.0,0.0,0.0,0.0,0.0,0.0,0.0,1.0,0.0
1970360,醇乳香土司,191.0,2,548.0,96.3,18.9,9.7,4.6,0.0,663.0,13.0,1,0,1,0,1,0,0,0,0,0,0,0,1.0,1.0,1.0,1.0,1.0,1.0,1.0,0.0,0.0,1.0,0.0,0.0,0.0,1.0,0.0,0.0
1971352,草莓夾心土司,78.0,1,179.0,35.0,5.2,2.0,0.8,0.0,244.0,9.9,1,0,1,0,1,0,0,0,0,0,0,0,1.0,1.0,1.0,1.0,1.0,1.0,1.0,0.0,0.0,1.0,0.0,0.0,0.0,1.0,0.0,0.0
1971398,花生夾心土司,78.0,1,292.0,30.4,7.2,15.8,5.9,0.0,280.0,9.1,1,0,1,0,1,0,0,0,1,0,0,0,1.0,1.0,1.0,1.0,0.0,1.0,1.0,0.0,0.0,1.0,0.0,0.0,0.0,1.0,0.0,0.0
1971520,板巧克力夾心土司,73.0,1,241.0,33.1,5.5,9.6,3.7,0.0,230.0,8.2,1,1,1,0,1,0,0,0,0,0,0,0,1.0,1.0,1.0,1.0,1.0,0.0,1.0,0.0,0.0,1.0,0.0,0.0,0.0,1.0,0.0,0.0
1971552,經典蜂蜜鬆餅,110.0,1,365.0,54.6,5.8,13.8,3.9,0.0,275.0,28.9,1,0,1,0,1,0,0,0,0,1,0,0,1.0,1.0,1.0,1.0,1.0,1.0,1.0,0.0,0.0,0.0,0.0,0.0,0.0,0.0,1.0,0.0
1971689,陽光葡萄土司,130.0,1,363.0,65.9,10.7,6.2,2.7,0.0,338.0,19.6,1,0,1,0,0,0,0,0,0,0,0,0,1.0,1.0,1.0,1.0,1.0,1.0,1.0,0.0,0.0,1.0,1.0,1.0,0.0,0.0,0.0,0.0
1971702,綿柔鮮奶土司,111.0,1,321.0,56.4,11.1,5.7,2.7,0.0,386.0,7.5,1,0,1,0,1,0,0,0,0,0,0,0,1.0,1.0,1.0,1.0,1.0,1.0,1.0,0.0,0.0,1.0,0.0,0.0,0.0,1.0,0.0,0.0
1971734,榛果巧克力鬆餅,108.0,1,351.0,53.1,6.8,12.3,4.0,0.0,275.0,27.2,1,1,1,0,1,0,0,0,0,1,0,0,1.0,1.0,1.0,1.0,1.0,0.0,1.0,0.0,0.0,0.0,0.0,0.0,0.0,0.0,1.0,0.0
1971766,新纖麥土司,185.0,2,487.0,88.6,21.5,6.5,2.0,0.0,592.0,13.7,1,0,1,0,1,0,0,0,0,0,0,0,1.0,1.0,1.0,1.0,1.0,1.0,1.0,0.0,0.0,1.0,0.0,0.0,0.0,0.0,0.0,0.0
1972017,小麥胚芽土司,105.0,1,276.0,50.3,12.2,3.7,1.2,0.0,336.0,7.8,1,0,1,0,1,0,0,0,0,0,0,0,1.0,1.0,1.0,1.0,1.0,1.0,1.0,0.0,0.0,1.0,0.0,0.0,0.0,1.0,0.0,0.0
510608,讚岐烏龍麵,130.0,1,162.0,36.1,3.8,0.3,0.0,0.0,216.0,0.0,1,0,0,0,0,0,0,0,0,0,0,0,1.0,1.0,1.0,1.0,1.0,1.0,1.0,0.0,1.0,1.0,1.0,0.0,0.0,0.0,0.0,0.0
11640,鹽味毛豆,130.0,1,178.0,15.7,16.3,5.6,0.7,0.0,415.0,4.8,0,0,1,0,0,0,0,0,0,0,0,0,1.0,1.0,1.0,1.0,1.0,1.0,1.0,1.0,0.0,1.0,1.0,1.0,0.0,0.0,0.0,0.0
94044,川味椒麻煎餃,175.0,1,308.0,35.9,14.7,11.7,3.7,0.0,903.0,6.7,1,0,1,0,0,0,0,1,0,0,1,0,1.0,0.0,0.0,0.0,1.0,1.0,0.0,0.0,0.0,1.0,1.0,0.0,0.0,0.0,0.0,0.0
146726,麻油肉絲炒飯,152.0,1,344.0,46.8,8.7,13.5,2.4,0.0,523.0,0.8,1,0,1,0,0,0,0,1,0,1,0,0,1.0,0.0,0.0,1.0,1.0,1.0,0.0,0.0,0.0,0.0,1.0,0.0,0.0,0.0,0.0,0.0
146730,麻辣豬皮,100.0,1,247.0,5.5,19.8,16.2,4.4,0.0,1225.0,5.3,1,0,1,0,0,0,0,0,0,0,0,0,1.0,0.0,1.0,1.0,1.0,1.0,1.0,0.0,0.0,1.0,1.0,0.0,0.0,0.0,0.0,0.0
146762,水煎包,90.0,2,160.0,23.8,6.1,4.5,1.4,0.0,338.0,3.6,1,0,1,0,0,0,0,1,0,0,1,0,1.0,0.0,0.0,0.0,1.0,1.0,0.0,0.0,0.0,1.0,1.0,0.0,0.0,0.0,0.0,0.0
167126,塔香鹹酥雞,80.0,1,202.0,11.3,13.3,11.5,1.9,0.0,235.0,0.0,1,1,1,0,1,1,0,1,1,1,0,1,1.0,1.0,0.0,0.0,0.0,0.0,0.0,0.0,0.0,0.0,0.0,0.0,0.0,0.0,0.0,0.0
171054,泰式辣炒豬肉飯,185.0,1,361.0,56.8,10.9,10.0,2.8,0.0,549.0,3.3,1,0,1,0,0,0,0,0,0,0,1,1,1.0,0.0,0.0,0.0,1.0,1.0,1.0,0.0,0.0,1.0,1.0,0.0,0.0,0.0,0.0,0.0
175058,玉米豬肉手工水餃,175.0,1,295.0,35.7,13.5,10.9,3.2,0.0,548.0,5.3,1,0,1,0,0,0,0,1,0,0,0,0,1.0,0.0,0.0,1.0,1.0,1.0,0.0,0.0,0.0,1.0,1.0,0.0,0.0,0.0,0.0,0.0
416701,韓式炸Ｇ,100.0,1,213.0,28.6,11.1,6.0,0.4,0.0,652.0,11.8,1,0,1,0,0,0,0,1,0,0,0,0,1.0,1.0,1.0,1.0,1.0,1.0,0.0,0.0,0.0,1.0,1.0,1.0,0.0,0.0,0.0,0.0
416715,椒麻綜合滷味,115.0,1,235.0,21.5,8.1,12.9,2.0,0.0,524.0,1.6,1,0,1,0,0,0,0,1,0,0,0,0,1.0,1.0,1.0,1.0,1.0,1.0,0.0,0.0,0.0,1.0,1.0,1.0,0.0,0.0,0.0,0.0
437010,田家千層三星蔥拉餅,110.0,1,334.0,37.1,6.5,17.8,9.4,0.0,402.0,1.1,1,1,1,0,1,1,0,1,1,0,0,0,1.0,0.0,1.0,0.0,0.0,0.0,0.0,0.0,0.0,1.0,0.0,0.0,0.0,0.0,0.0,0.0
437024,田家千層胡椒拉餅,110.0,1,316.0,39.3,9.3,13.5,6.4,0.0,502.0,2.8,1,1,1,0,1,1,0,1,1,0,0,0,1.0,0.0,1.0,0.0,0.0,0.0,0.0,0.0,0.0,1.0,0.0,0.0,0.0,0.0,0.0,0.0
2410721,薑黃素炒飯,275.0,1,575.0,93.2,12.4,17.0,1.8,0.0,965.0,10.7,1,0,1,0,0,0,0,1,0,0,0,0,1.0,1.0,1.0,1.0,1.0,1.0,0.0,0.0,0.0,1.0,1.0,1.0,0.0,0.0,0.0,0.0
2491000,韓式炸雞,105.0,1,259.0,22.9,12.9,12.9,5.1,0.0,645.0,8.4,1,0,1,0,1,0,0,1,0,1,0,0,1.0,1.0,0.0,1.0,1.0,1.0,0.0,0.0,0.0,0.0,0.0,0.0,0.0,0.0,0.0,0.0
2491014,糖醋炸雞,100.0,1,243.5,21.0,13.1,11.9,2.1,0.0,244.0,4.3,1,0,1,0,0,0,0,0,0,0,0,0,1.0,1.0,0.0,1.0,1.0,1.0,1.0,0.0,0.0,1.0,1.0,0.0,0.0,0.0,0.0,0.0
2491028,霸王黃金香雞腿,95.0,1,189.0,8.7,14.7,10.6,3.3,0.0,598.0,0.0,1,0,1,0,1,0,0,0,0,1,0,0,1.0,1.0,0.0,1.0,1.0,1.0,1.0,0.0,0.0,0.0,0.0,0.0,0.0,0.0,0.0,0.0
2491032,霸王黃金酷辣雞腿排,135.0,1,334.0,12.6,20.8,22.3,7.3,0.0,693.0,0.0,1,0,1,0,1,0,0,0,0,1,0,0,1.0,1.0,0.0,1.0,1.0,1.0,1.0,0.0,0.0,0.0,0.0,0.0,0.0,0.0,0.0,0.0
2491046,美式香辣雞球,100.0,1,280.0,14.3,14.3,18.4,7.1,0.0,644.0,0.3,1,0,0,0,1,0,0,0,0,1,0,0,1.0,1.0,0.0,1.0,1.0,1.0,1.0,0.0,1.0,0.0,0.0,0.0,0.0,0.0,0.0,0.0
2491064,香蒜排骨酥,100.0,1,271.2,15.5,16.3,16.0,3.7,0.0,611.0,3.3,1,1,1,0,1,1,0,1,0,1,0,1,1.0,0.0,1.0,0.0,1.0,0.0,0.0,0.0,0.0,0.0,0.0,0.0,0.0,0.0,0.0,0.0
2491078,黃金起司香雞塊（重組）,110.0,1,240.0,16.1,14.3,13.2,4.8,0.0,620.0,0.6,1,0,1,0,1,0,0,0,0,0,0,0,1.0,1.0,0.0,1.0,1.0,1.0,1.0,0.0,0.0,1.0,0.0,0.0,0.0,0.0,0.0,0.0
2491505,鮮肉爆漿餡餅,145.0,1,317.0,32.8,13.8,14.5,6.0,0.0,528.0,2.0,1,0,0,0,0,0,0,0,0,0,0,0,1.0,0.0,1.0,1.0,1.0,1.0,1.0,0.0,1.0,1.0,1.0,0.0,0.0,0.0,0.0,0.0
2491519,鮮肉小籠湯包,63.0,2,94.0,9.4,6.2,3.5,0.9,0.0,197.0,0.8,1,0,1,0,0,0,0,1,0,0,0,0,1.0,0.0,0.0,1.0,1.0,1.0,0.0,0.0,0.0,1.0,1.0,0.0,0.0,0.0,0.0,0.0
2491537,經典鮮肉鍋貼,182.0,1,375.0,37.3,15.3,18.2,6.2,0.0,386.0,5.1,1,0,1,0,0,0,0,1,0,0,0,0,1.0,0.0,1.0,1.0,1.0,1.0,0.0,0.0,0.0,1.0,1.0,0.0,0.0,0.0,0.0,0.0
2492010,紐澳良辣味烤翅,105.0,1,240.0,5.9,20.7,14.9,4.4,0.0,622.0,4.6,1,0,0,0,1,0,0,0,0,0,0,0,1.0,1.0,0.0,1.0,1.0,1.0,1.0,0.0,1.0,1.0,0.0,0.0,0.0,0.0,0.0,0.0
2492024,香烤雞腿條,70.0,1,95.0,4.3,14.5,2.2,0.6,0.0,375.0,1.3,1,0,1,0,1,0,0,0,0,0,0,0,1.0,1.0,0.0,1.0,1.0,1.0,1.0,0.0,0.0,1.0,0.0,0.0,0.0,0.0,0.0,0.0
2492038,十三香烤雞翅,105.0,1,248.0,6.6,18.7,16.3,4.0,0.0,803.0,5.1,1,1,1,0,1,1,0,1,1,1,1,1,1.0,1.0,0.0,0.0,0.0,0.0,0.0,0.0,0.0,0.0,0.0,0.0,0.0,0.0,0.0,0.0
2492056,蜜汁雞柳,75.0,1,190.0,18.8,10.7,8.0,1.2,0.0,326.0,4.9,1,1,1,0,0,1,0,1,0,0,0,1,1.0,1.0,0.0,0.0,1.0,0.0,0.0,0.0,0.0,1.0,1.0,0.0,0.0,0.0,0.0,0.0
2492060,照燒雞腿肉串,55.0,1,73.5,3.4,9.8,2.3,0.7,0.0,429.0,1.8,1,0,1,0,0,0,0,0,0,0,0,1,1.0,1.0,0.0,0.0,1.0,1.0,1.0,0.0,0.0,1.0,1.0,0.0,0.0,0.0,0.0,0.0
2493107,青醬雞丁義大利麵,175.0,1,284.0,27.5,13.8,13.1,1.8,0.0,562.0,1.2,1,1,1,0,1,0,0,0,0,0,0,1,1.0,0.0,0.0,0.0,1.0,0.0,1.0,0.0,0.0,1.0,0.0,0.0,0.0,0.0,0.0,0.0
2493111,奶油蕈菇松露燉飯,192.0,1,265.0,41.3,3.3,9.6,2.5,0.0,378.0,1.9,1,0,1,0,1,0,0,0,0,0,0,1,1.0,0.0,0.0,0.0,1.0,1.0,1.0,0.0,0.0,1.0,0.0,0.0,0.0,0.0,0.0,0.0
2495018,黑胡椒素雞塊,100.0,1,281.0,23.4,14.9,14.2,5.2,0.0,721.0,1.3,1,0,1,0,0,0,0,0,0,1,0,0,1.0,1.0,1.0,1.0,1.0,1.0,1.0,0.0,0.0,0.0,1.0,0.0,1.0,0.0,0.0,0.0
2495068,美式香辣素雞米花,100.0,1,369.0,18.0,13.3,27.1,8.3,0.0,550.0,0.4,1,1,1,0,0,0,0,0,0,1,0,0,1.0,1.0,1.0,1.0,1.0,0.0,1.0,0.0,0.0,0.0,1.0,0.0,1.0,0.0,0.0,0.0
63906,萬丹巧克力牛奶,290.0,1,192.0,29.0,7.3,5.2,3.8,0.0,116.0,26.1,0,0,1,0,1,0,0,0,0,0,0,0,1.0,1.0,1.0,1.0,1.0,1.0,1.0,1.0,0.0,1.0,0.0,0.0,0.0,0.0,0.0,0.0
63988,牧場直送４．０鮮乳１８５８ｍｌ,371.6,5,252.7,17.8,11.9,14.9,9.7,0.0,149.0,17.1,0,0,0,0,1,0,0,0,0,0,0,0,1.0,1.0,1.0,1.0,1.0,1.0,1.0,1.0,1.0,1.0,0.0,0.0,0.0,0.0,0.0,0.0
479329,ＦＭＣ紅豆紫米漿,320.0,1,126.8,28.8,2.9,0.0,0.0,0.0,0.0,18.9,0,0,0,0,0,0,0,0,0,0,0,0,1.0,1.0,1.0,1.0,1.0,1.0,1.0,1.0,1.0,1.0,1.0,0.0,0.0,0.0,0.0,0.0
2710157,牧場直送４．０鮮乳９００ｍｌ,300.0,3,204.0,14.4,9.6,12.0,7.8,0.0,120.0,13.8,0,0,0,0,1,0,0,0,0,0,0,0,1.0,1.0,1.0,1.0,1.0,1.0,1.0,1.0,1.0,1.0,0.0,0.0,0.0,0.0,0.0,0.0
2720168,牧場直送鮮乳３７５ｍｌ,375.0,1,255.0,18.0,12.0,15.0,9.8,0.0,150.0,17.3,0,0,0,0,1,0,0,0,0,0,0,0,1.0,1.0,1.0,1.0,1.0,1.0,1.0,1.0,1.0,1.0,0.0,0.0,0.0,0.0,0.0,0.0
2946005,ＦＭＣ薏仁漿,320.0,1,72.2,15.4,1.3,0.6,0.0,0.0,0.0,12.8,0,0,0,0,0,0,0,0,0,0,0,0,1.0,1.0,1.0,1.0,1.0,1.0,1.0,1.0,1.0,1.0,1.0,0.0,0.0,0.0,0.0,0.0
46869,蜂蜜水８７０ｍｌ,870.0,1,222.7,55.7,0.0,0.0,0.0,0.0,0.0,53.9,0,0,0,0,0,0,0,0,0,0,0,0,1.0,1.0,1.0,1.0,1.0,1.0,1.0,1.0,1.0,1.0,1.0,0.0,0.0,0.0,0.0,0.0
84847,ＦＭＣ檸檬蜂蜜水８７０ｍｌ,870.0,1,348.0,87.0,0.0,0.0,0.0,0.0,0.0,81.8,0,0,0,0,0,0,0,0,0,0,0,0,1.0,1.0,1.0,1.0,1.0,1.0,1.0,1.0,1.0,1.0,1.0,0.0,0.0,0.0,0.0,0.0
203764,ＦＭＣ不知春茶,350.0,2,0.0,0.0,0.0,0.0,0.0,0.0,70.7,0.0,0,0,0,0,0,0,0,0,0,0,0,0,1.0,1.0,1.0,1.0,1.0,1.0,1.0,1.0,1.0,1.0,1.0,0.0,0.0,0.0,0.0,0.0
312331,ＦＭＣ抹茶拿鐵,375.0,1,205.0,34.9,7.1,4.1,3.0,0.0,109.0,31.9,0,0,1,0,1,0,0,0,0,0,0,0,1.0,1.0,1.0,1.0,1.0,1.0,1.0,1.0,0.0,1.0,0.0,0.0,0.0,0.0,0.0,0.0
400180,ＦＭＣ橙柚百香綠茶,450.0,1,174.8,42.8,0.9,0.0,0.0,0.0,4.0,39.6,0,0,0,0,0,0,0,0,0,0,0,0,1.0,1.0,1.0,1.0,1.0,1.0,1.0,1.0,1.0,1.0,1.0,0.0,0.0,0.0,0.0,0.0
400908,ＦＭＣ人蔘石榴蜂蜜水,300.0,1,64.0,15.9,0.0,0.0,0.0,0.0,1.2,14.4,0,0,0,0,0,0,0,0,0,0,0,0,1.0,1.0,1.0,1.0,1.0,1.0,1.0,1.0,1.0,1.0,1.0,0.0,0.0,0.0,0.0,0.0
400912,ＦＭＣ冰糖枸杞銀耳露,300.0,1,56.4,13.8,0.3,0.0,0.0,0.0,2.4,12.0,0,0,0,0,0,0,0,0,0,0,0,0,1.0,1.0,1.0,1.0,1.0,1.0,1.0,1.0,1.0,1.0,1.0,0.0,0.0,0.0,0.0,0.0
400930,ＦＭＣ人蔘黑木耳露,300.0,1,61.2,15.0,0.3,0.0,0.0,0.0,2.4,13.5,0,0,0,0,0,0,0,0,0,0,0,0,1.0,1.0,1.0,1.0,1.0,1.0,1.0,1.0,1.0,1.0,1.0,0.0,0.0,0.0,0.0,0.0
413771,ＦＭＣ旨味日式綠,350.0,2,0.0,0.0,0.0,0.0,0.0,0.0,49.0,0.0,0,0,0,0,0,0,0,0,0,0,0,0,1.0,1.0,1.0,1.0,1.0,1.0,1.0,1.0,1.0,1.0,1.0,0.0,0.0,0.0,0.0,0.0
426671,ＦＭＣ阿里山金萱烏龍茶,450.0,1,0.0,0.0,0.0,0.0,0.0,0.0,22.0,0.0,0,0,0,0,0,0,0,0,0,0,0,0,1.0,1.0,1.0,1.0,1.0,1.0,1.0,1.0,1.0,1.0,1.0,0.0,0.0,0.0,0.0,0.0
432274,ＦＭＣ蜜桃春烏龍,450.0,1,145.6,36.4,0.0,0.0,0.0,0.0,14.0,32.8,0,0,0,0,0,0,0,0,0,0,0,0,1.0,1.0,1.0,1.0,1.0,1.0,1.0,1.0,1.0,1.0,1.0,0.0,0.0,0.0,0.0,0.0
432288,ＦＭＣ葡柚四季青,450.0,0,172.8,43.2,0.0,0.0,0.0,0.0,5.8,39.2,0,0,0,0,0,0,0,0,0,0,0,0,1.0,1.0,1.0,1.0,1.0,1.0,1.0,1.0,1.0,1.0,1.0,0.0,0.0,0.0,0.0,0.0
437129,ＦＭＣ桂花金烏龍,450.0,1,0.0,0.0,0.0,0.0,0.0,0.0,68.4,0.0,0,0,0,0,0,0,0,0,0,0,0,0,1.0,1.0,1.0,1.0,1.0,1.0,1.0,1.0,1.0,1.0,1.0,0.0,0.0,0.0,0.0,0.0
469077,ＦＭＣ翠玉烏龍茶,450.0,1,0.0,0.0,0.0,0.0,0.0,0.0,22.0,0.0,0,0,0,0,0,0,0,0,0,0,0,0,1.0,1.0,1.0,1.0,1.0,1.0,1.0,1.0,1.0,1.0,1.0,0.0,0.0,0.0,0.0,0.0
472486,ＦＭＣ鮮榨西瓜汁,265.0,1,101.0,22.5,2.1,0.3,0.0,0.0,5.3,21.5,0,0,0,0,0,0,0,0,0,0,0,0,1.0,1.0,1.0,1.0,1.0,1.0,1.0,1.0,1.0,1.0,1.0,0.0,0.0,0.0,0.0,0.0
508081,ＦＭＣ紅柚梅果綠,325.0,2,156.0,39.0,0.0,0.0,0.0,0.0,81.0,38.0,1,1,1,0,1,0,1,1,0,0,0,0,1.0,1.0,1.0,1.0,1.0,0.0,0.0,0.0,0.0,1.0,0.0,0.0,0.0,0.0,0.0,0.0
514420,ＦＭＣ１００％葡萄汁,265.0,1,151.8,36.0,1.3,0.3,0.0,0.0,0.5,34.4,0,0,0,0,0,0,0,0,0,0,0,0,1.0,1.0,1.0,1.0,1.0,1.0,1.0,1.0,1.0,1.0,1.0,0.0,0.0,0.0,0.0,0.0
536703,ＰＬＵＳ冷萃咖啡,280.0,1,10.0,2.2,0.3,0.0,0.0,0.0,21.0,0.0,0,0,0,0,0,0,0,0,0,0,0,0,1.0,1.0,1.0,1.0,1.0,1.0,1.0,1.0,1.0,1.0,1.0,0.0,0.0,0.0,0.0,0.0
536717,ＦＭＣ海鹽荔枝飲,320.0,1,147.0,36.8,0.0,0.0,0.0,0.0,163.0,35.8,0,0,0,0,0,0,0,0,0,0,0,0,1.0,1.0,1.0,1.0,1.0,1.0,1.0,1.0,1.0,1.0,1.0,0.0,0.0,0.0,0.0,0.0
536721,ＦＭＣ荔枝蘋果烏龍茶,450.0,1,198.0,48.6,0.9,0.0,0.0,0.0,2.7,45.0,0,1,0,0,0,0,0,0,0,0,0,0,1.0,1.0,1.0,1.0,1.0,0.0,1.0,1.0,1.0,1.0,1.0,0.0,0.0,0.0,0.0,0.0
537309,ＦＭＣ黑拿鐵,265.0,1,95.3,21.2,1.5,0.5,0.0,0.0,3.2,15.1,0,0,0,0,0,0,0,0,0,0,0,0,1.0,1.0,1.0,1.0,1.0,1.0,1.0,1.0,1.0,1.0,1.0,0.0,0.0,0.0,0.0,0.0
538646,ＦＭＣ石榴荔枝蜂蜜水,320.0,1,118.4,29.1,0.5,0.0,0.0,0.0,2.6,25.9,0,0,0,0,0,0,0,0,0,0,0,0,1.0,1.0,1.0,1.0,1.0,1.0,1.0,1.0,1.0,1.0,1.0,0.0,0.0,0.0,0.0,0.0
566190,ＦＭＣ冷壓椰子水８７０ｍｌ,870.0,1,208.8,52.2,0.0,0.0,0.0,0.0,78.3,44.4,0,1,0,0,0,0,0,0,0,0,0,0,1.0,1.0,1.0,1.0,1.0,0.0,1.0,1.0,1.0,1.0,1.0,0.0,0.0,0.0,0.0,0.0
573630,ＦＭＣ橘柚蜂蜜水,320.0,1,124.2,31.0,0.0,0.0,0.0,0.0,0.6,29.8,0,0,0,0,0,0,0,0,0,0,0,0,1.0,1.0,1.0,1.0,1.0,1.0,1.0,1.0,1.0,1.0,1.0,0.0,0.0,0.0,0.0,0.0
574018,ＦＭＣ黃金甘露,300.0,1,159.9,36.0,0.6,1.5,0.0,0.0,0.3,32.4,0,1,0,0,0,0,0,0,0,0,0,0,1.0,1.0,1.0,1.0,1.0,0.0,1.0,1.0,1.0,1.0,1.0,0.0,0.0,0.0,0.0,0.0
2910149,芭樂檸檬青茶,450.0,1,225.2,54.0,1.4,0.4,0.0,0.0,4.0,45.0,0,0,0,0,0,0,0,0,0,0,0,0,1.0,1.0,1.0,1.0,1.0,1.0,1.0,1.0,1.0,1.0,1.0,0.0,0.0,0.0,0.0,0.0
2910399,ＦＭＣ四季春青茶,450.0,1,0.0,0.0,0.0,0.0,0.0,0.0,22.0,0.0,0,0,0,0,0,0,0,0,0,0,0,0,1.0,1.0,1.0,1.0,1.0,1.0,1.0,1.0,1.0,1.0,1.0,0.0,0.0,0.0,0.0,0.0
2910517,翡翠檸檬茶,650.0,1,289.0,72.2,0.0,0.0,0.0,0.0,46.0,64.4,1,1,1,0,1,0,1,1,0,0,0,0,1.0,1.0,1.0,1.0,1.0,0.0,0.0,0.0,0.0,1.0,0.0,0.0,0.0,0.0,0.0,0.0
2920023,鮮榨蘋果汁,265.0,1,135.0,32.0,0.8,0.5,0.0,0.0,8.0,31.0,0,0,0,0,0,0,0,0,0,0,0,0,1.0,1.0,1.0,1.0,1.0,1.0,1.0,1.0,1.0,1.0,1.0,0.0,0.0,0.0,0.0,0.0
2920378,海鹽檸檬飲,320.0,1,142.0,35.5,0.0,0.0,0.0,0.0,141.0,33.3,0,0,0,0,0,0,0,0,0,0,0,0,1.0,1.0,1.0,1.0,1.0,1.0,1.0,1.0,1.0,1.0,1.0,0.0,0.0,0.0,0.0,0.0
2920578,ＦＭＣ楊枝甘露,300.0,1,177.3,39.0,0.6,2.1,1.8,0.0,6.0,30.0,0,1,0,0,0,0,1,0,0,0,0,0,1.0,1.0,1.0,1.0,1.0,0.0,1.0,1.0,1.0,1.0,1.0,0.0,0.0,0.0,0.0,0.0
2920582,ＦＭＣ紫拿鐵,265.0,1,153.0,35.8,1.9,0.3,0.0,0.0,17.2,30.2,0,0,0,0,0,0,0,0,0,0,0,0,1.0,1.0,1.0,1.0,1.0,1.0,1.0,1.0,1.0,1.0,1.0,0.0,0.0,0.0,0.0,0.0
2920596,ＦＭＣ綠拿鐵,265.0,1,143.6,31.8,2.9,0.5,0.0,0.0,13.2,26.2,0,0,0,1,0,0,0,0,0,0,0,0,1.0,1.0,1.0,1.0,1.0,1.0,1.0,1.0,1.0,1.0,1.0,0.0,0.0,0.0,0.0,0.0
2920623,ＦＭＣ冷壓椰子水,320.0,1,77.0,19.2,0.0,0.0,0.0,0.0,29.0,16.3,0,1,0,0,0,0,0,0,0,0,0,0,1.0,1.0,1.0,1.0,1.0,0.0,1.0,1.0,1.0,1.0,1.0,0.0,0.0,0.0,0.0,0.0
2921001,胡蘿蔔綜合蔬果汁,265.0,1,114.0,25.0,2.4,0.5,0.0,0.0,127.0,25.0,0,0,0,0,0,0,1,0,0,0,0,0,1.0,1.0,1.0,1.0,1.0,1.0,1.0,1.0,1.0,1.0,1.0,0.0,0.0,0.0,0.0,0.0
2921015,鮮榨椪柑原汁,265.0,1,132.0,30.0,1.6,0.5,0.0,0.0,8.0,29.0,0,0,0,0,0,0,0,0,0,0,0,0,1.0,1.0,1.0,1.0,1.0,1.0,1.0,1.0,1.0,1.0,1.0,0.0,0.0,0.0,0.0,0.0
2950038,蜂蜜水,320.0,1,82.0,20.5,0.0,0.0,0.0,0.0,0.0,19.8,0,0,0,0,0,0,0,0,0,0,0,0,1.0,1.0,1.0,1.0,1.0,1.0,1.0,1.0,1.0,1.0,1.0,0.0,0.0,0.0,0.0,0.0
2950060,檸檬蜂蜜水,320.0,1,128.0,32.0,0.0,0.0,0.0,0.0,0.0,30.0,0,0,0,0,0,0,0,0,0,0,0,0,1.0,1.0,1.0,1.0,1.0,1.0,1.0,1.0,1.0,1.0,1.0,0.0,0.0,0.0,0.0,0.0
3110099,古早味紅茶,350.0,2,72.8,17.8,0.4,0.0,0.0,0.0,59.5,16.8,1,0,0,0,0,0,0,0,0,0,0,0,1.0,1.0,1.0,1.0,1.0,1.0,1.0,0.0,1.0,1.0,1.0,0.0,0.0,0.0,0.0,0.0
3130061,四季春青茶,350.0,2,0.0,0.0,0.0,0.0,0.0,0.0,51.8,0.0,0,0,0,0,0,0,0,0,0,0,0,0,1.0,1.0,1.0,1.0,1.0,1.0,1.0,1.0,1.0,1.0,1.0,0.0,0.0,0.0,0.0,0.0
3130198,ＦＭＣ金萱二十七,350.0,2,0.0,0.0,0.0,0.0,0.0,0.0,53.9,0.0,0,0,0,0,0,0,0,0,0,0,0,0,1.0,1.0,1.0,1.0,1.0,1.0,1.0,1.0,1.0,1.0,1.0,0.0,0.0,0.0,0.0,0.0
3154164,菊花涼茶,260.0,2,44.7,11.2,0.0,0.0,0.0,0.0,29.0,9.9,0,0,0,0,0,0,0,0,0,0,0,0,1.0,1.0,1.0,1.0,1.0,1.0,1.0,1.0,1.0,1.0,1.0,0.0,0.0,0.0,0.0,0.0
3440244,小分子檸檬氣泡水,250.0,2,0.0,0.0,0.0,0.0,0.0,0.0,13.0,0.0,0,0,0,0,0,0,0,0,0,0,0,0,1.0,1.0,1.0,1.0,1.0,1.0,1.0,1.0,1.0,1.0,1.0,0.0,0.0,0.0,0.0,0.0
91119,ＦＭＣ益生菌枇杷膏硬喉糖,3.6,7,13.2,3.3,0.0,0.0,0.0,0.0,0.0,2.0,0,0,0,0,0,0,0,0,0,0,0,0,1.0,1.0,1.0,1.0,1.0,1.0,1.0,1.0,1.0,1.0,1.0,0.0,0.0,0.0,0.0,0.0
459284,ＦＭＣ莓果腰果,7.0,5,37.3,3.6,1.0,2.1,0.6,0.0,4.0,1.5,1,1,1,1,1,0,1,1,1,1,0,0,1.0,1.0,1.0,1.0,0.0,0.0,0.0,0.0,0.0,0.0,0.0,0.0,0.0,0.0,0.0,0.0
475448,無籽橄欖鮮果乾,10.0,5,29.6,7.3,0.1,0.0,0.0,0.0,112.0,5.8,0,0,0,0,0,0,0,0,0,0,0,0,1.0,1.0,1.0,1.0,1.0,1.0,1.0,1.0,1.0,1.0,1.0,0.0,0.0,0.0,0.0,0.0
532113,芭樂柳橙ＱＱ軟糖,42.0,1,145.3,33.6,2.5,0.1,0.04,0.0,43.0,16.8,0,0,1,0,0,0,0,0,0,0,0,1,1.0,0.0,1.0,0.0,1.0,1.0,1.0,1.0,0.0,1.0,1.0,0.0,0.0,0.0,0.0,0.0
564134,水蜜桃鮮果乾,11.0,3,36.0,8.9,0.1,0.0,0.0,0.0,3.0,8.3,0,0,0,0,0,0,0,0,0,0,0,0,1.0,1.0,1.0,1.0,1.0,1.0,1.0,1.0,1.0,1.0,1.0,0.0,0.0,0.0,0.0,0.0
564152,紅酒釀蘋果,23.0,1,78.2,19.8,0.2,0.0,0.0,0.0,2.0,16.6,0,0,0,0,0,0,0,0,0,0,0,0,1.0,1.0,1.0,1.0,1.0,1.0,1.0,1.0,1.0,1.0,1.0,0.0,0.0,0.0,0.0,0.0
573694,歐維氏８５％醇黑巧克力,36.0,1,221.0,13.7,3.7,16.8,9.4,0.0,3.0,5.3,1,1,1,0,1,0,1,1,1,1,0,0,1.0,1.0,1.0,1.0,0.0,0.0,0.0,0.0,0.0,0.0,0.0,0.0,0.0,0.0,0.0,0.0
3630039,歐維氏８５％醇黑巧克力,5.5,8,34.0,2.1,0.6,2.6,1.4,0.0,1.0,0.8,1,1,0,0,1,0,1,1,1,1,0,0,1.0,1.0,1.0,1.0,0.0,0.0,0.0,0.0,1.0,0.0,0.0,1.0,0.0,0.0,0.0,0.0
3811364,ＦＭＣ雙色脆薯片,85.0,1,425.0,58.7,2.6,20.0,8.7,0.0,57.0,7.0,0,0,0,0,0,0,0,0,0,0,0,0,1.0,1.0,1.0,1.0,1.0,1.0,1.0,1.0,1.0,1.0,1.0,0.0,0.0,0.0,0.0,0.0
3820088,海鹽薯條,20.5,2,116.0,11.0,1.2,7.5,3.4,0.0,43.0,0.2,1,0,0,0,0,0,0,0,0,0,0,0,1.0,1.0,1.0,1.0,1.0,1.0,1.0,0.0,1.0,1.0,1.0,1.0,0.0,0.0,0.0,0.0
3830049,海鹽地瓜條,20.5,2,119.0,11.3,0.6,7.9,3.5,0.0,54.0,4.0,0,0,0,0,0,0,0,0,0,0,0,0,1.0,1.0,1.0,1.0,1.0,1.0,1.0,1.0,1.0,1.0,1.0,1.0,0.0,0.0,0.0,0.0
3830526,乖乖奶油椰子,26.0,2,113.0,21.3,1.6,2.4,1.7,0.0,57.0,7.3,1,1,1,0,1,1,1,1,1,1,0,1,1.0,1.0,1.0,0.0,0.0,0.0,0.0,0.0,0.0,0.0,0.0,0.0,0.0,1.0,0.0,0.0
3860563,海鹽焦糖雙味爆米花,60.0,1,297.0,40.9,2.4,13.8,9.4,0.0,346.0,17.5,0,1,1,0,1,0,0,0,0,0,0,0,1.0,1.0,1.0,1.0,1.0,0.0,1.0,1.0,0.0,1.0,0.0,0.0,0.0,0.0,0.0,0.0
3860872,經典鹹甜爆米花,50.0,2,272.0,30.5,2.0,15.8,13.6,0.0,215.0,14.0,0,1,1,0,0,0,0,0,0,0,0,0,1.0,1.0,1.0,1.0,1.0,0.0,1.0,1.0,0.0,1.0,1.0,0.0,0.0,0.0,0.0,0.0
3925040,新貴派大格酥陽光檸檬,8.1,12,44.0,5.0,0.2,2.6,1.5,0.0,5.0,1.6,1,1,1,0,1,0,1,1,1,1,0,0,1.0,1.0,1.0,1.0,0.0,0.0,0.0,0.0,0.0,0.0,0.0,1.0,0.0,0.0,0.0,0.0
3925086,新貴派大格酥焙烤花生,8.1,12,46.0,4.6,0.5,2.8,1.4,0.0,11.0,2.5,1,1,1,0,1,0,1,1,1,1,0,0,1.0,1.0,1.0,1.0,0.0,0.0,0.0,0.0,0.0,0.0,0.0,0.0,0.0,1.0,0.0,0.0
3960739,鮮乳餅,50.0,1,225.9,33.8,4.5,8.1,4.9,0.4,85.0,6.6,1,0,1,0,1,0,0,0,0,1,0,0,1.0,1.0,1.0,1.0,1.0,1.0,1.0,0.0,0.0,0.0,0.0,0.0,0.0,0.0,0.0,0.0
4030553,ＦＭＣ夏威夷果,25.0,1,194.7,1.0,2.0,20.3,2.8,0.0,3.0,1.0,0,1,0,0,0,0,0,0,0,0,0,0,1.0,1.0,1.0,1.0,1.0,0.0,1.0,1.0,1.0,1.0,1.0,0.0,0.0,0.0,0.0,0.0
4030567,ＦＭＣ大顆蜂蜜腰果,30.0,1,174.6,9.9,5.4,12.6,3.0,0.0,4.0,3.3,0,1,0,0,0,0,0,0,0,0,0,0,1.0,1.0,1.0,1.0,1.0,0.0,1.0,1.0,1.0,1.0,1.0,0.0,0.0,0.0,0.0,0.0
4030585,ＦＭＣ大顆蒜味杏仁果,38.0,1,248.9,5.3,9.9,20.9,1.9,0.0,133.0,1.9,1,1,1,0,0,0,0,0,0,0,0,0,1.0,1.0,1.0,1.0,1.0,0.0,1.0,0.0,0.0,1.0,1.0,0.0,0.0,0.0,0.0,0.0
4030599,ＦＭＣ每日６纖果,48.0,1,261.3,17.8,8.6,17.3,1.4,0.0,21.0,10.1,1,1,1,0,0,0,0,0,0,0,0,0,1.0,1.0,1.0,1.0,1.0,0.0,1.0,0.0,0.0,1.0,1.0,0.0,0.0,0.0,0.0,0.0
4110020,土芒果青鮮果乾,11.0,3,42.9,9.6,0.9,0.1,0.0,0.0,7.0,5.0,0,0,0,0,0,0,1,0,0,0,0,0,1.0,1.0,1.0,1.0,1.0,1.0,1.0,1.0,1.0,1.0,1.0,0.0,0.0,0.0,0.0,0.0
4110034,愛文芒果條,19.0,2,64.2,15.2,0.4,0.2,0.0,0.0,2.0,9.1,0,0,0,0,0,0,1,0,0,0,0,0,1.0,1.0,1.0,1.0,1.0,1.0,1.0,1.0,1.0,1.0,1.0,0.0,0.0,0.0,0.0,0.0
4110048,檸檬鮮果乾,10.0,3,35.7,8.6,0.1,0.1,0.0,0.0,28.0,6.5,0,0,0,0,0,0,0,0,0,0,0,0,1.0,1.0,1.0,1.0,1.0,1.0,1.0,1.0,1.0,1.0,1.0,0.0,0.0,0.0,0.0,0.0
4110070,草莓鮮果乾,7.0,5,22.8,5.6,0.1,0.0,0.0,0.0,0.0,3.8,0,0,0,0,0,0,0,0,0,0,0,0,1.0,1.0,1.0,1.0,1.0,1.0,1.0,1.0,1.0,1.0,1.0,0.0,0.0,0.0,0.0,0.0
4110139,全果蔓越莓乾,38.0,1,134.4,32.7,0.0,0.4,0.0,0.0,4.0,23.2,0,0,0,0,0,0,0,0,0,0,0,0,1.0,1.0,1.0,1.0,1.0,1.0,1.0,1.0,1.0,1.0,1.0,0.0,0.0,0.0,0.0,0.0
4110234,芭樂鮮果乾,15.0,3,51.0,12.0,0.3,0.2,0.0,0.0,29.0,6.0,0,0,0,0,0,0,0,0,0,0,0,0,1.0,1.0,1.0,1.0,1.0,1.0,1.0,1.0,1.0,1.0,1.0,0.0,0.0,0.0,0.0,0.0
4110339,洛神花鮮果乾,10.0,3,35.2,8.8,0.0,0.0,0.0,0.0,1.0,7.4,0,0,0,0,0,0,0,0,0,0,0,0,1.0,1.0,1.0,1.0,1.0,1.0,1.0,1.0,1.0,1.0,1.0,0.0,0.0,0.0,0.0,0.0
4128807,原味香鐵蛋,30.0,1,85.0,2.8,5.9,5.6,2.0,0.0,144.2,1.6,1,0,1,0,0,0,0,0,0,1,0,0,1.0,1.0,1.0,1.0,1.0,1.0,1.0,0.0,0.0,0.0,1.0,0.0,1.0,0.0,0.0,0.0
28467,ＦＭＣ紅燒牛腩,180.0,1,118.1,7.4,15.7,2.9,0.7,0.0,1033.0,3.4,1,0,1,0,0,0,0,0,0,0,0,0,0.0,1.0,1.0,1.0,1.0,1.0,1.0,0.0,0.0,1.0,1.0,0.0,0.0,0.0,0.0,0.0
28471,ＦＭＣ三杯雞杏鮑菇,180.0,1,255.6,17.6,12.4,15.1,3.6,0.0,1012.0,6.5,1,0,1,0,0,0,0,1,0,0,0,0,1.0,1.0,0.0,1.0,1.0,1.0,0.0,0.0,0.0,1.0,1.0,0.0,0.0,0.0,0.0,0.0
351056,蔬食素咖哩,180.0,1,167.0,20.2,4.1,7.7,1.8,0.0,749.0,4.1,1,1,1,0,0,0,1,0,0,0,0,0,1.0,1.0,1.0,1.0,1.0,0.0,1.0,0.0,0.0,1.0,1.0,1.0,0.0,0.0,0.0,0.0
351074,西魯肉,180.0,1,126.0,5.8,7.9,7.9,1.1,0.0,697.0,0.0,1,0,1,0,0,1,0,1,0,0,0,1,1.0,0.0,1.0,0.0,1.0,1.0,0.0,0.0,0.0,1.0,1.0,0.0,0.0,0.0,0.0,0.0
559414,藜麥多穀飯,200.0,1,307.0,59.6,7.6,4.2,0.2,0.0,20.0,0.0,1,0,0,0,0,0,0,0,0,0,0,0,1.0,1.0,1.0,1.0,1.0,1.0,1.0,0.0,1.0,1.0,1.0,0.0,0.0,0.0,0.0,0.0
559432,頂級黑纖米,200.0,1,328.0,61.2,8.6,5.4,0.6,0.0,20.0,0.0,0,0,0,0,0,0,0,0,0,0,0,0,1.0,1.0,1.0,1.0,1.0,1.0,1.0,1.0,1.0,1.0,1.0,0.0,0.0,0.0,0.0,0.0
559446,素油飯,200.0,1,411.0,70.8,12.2,8.8,1.2,0.0,614.0,1.6,1,0,1,0,0,0,0,1,0,0,0,0,1.0,1.0,1.0,1.0,1.0,1.0,0.0,0.0,0.0,1.0,1.0,0.0,0.0,0.0,0.0,1.0
4440011,ＦＭＣ藜麥穀物飯,180.0,1,282.4,55.6,7.0,5.6,1.1,0.0,14.4,0.0,0,0,0,0,0,0,0,0,0,0,0,0,1.0,1.0,1.0,1.0,1.0,1.0,1.0,1.0,1.0,1.0,1.0,0.0,0.0,0.0,0.0,0.0
4440025,ＦＭＣ黑纖米飯,180.0,1,261.4,56.2,5.4,4.3,1.1,0.0,13.0,0.0,0,0,0,0,0,0,0,0,0,0,0,0,1.0,1.0,1.0,1.0,1.0,1.0,1.0,1.0,1.0,1.0,1.0,0.0,0.0,0.0,0.0,0.0
