id,name,size,serving_per_bag,calorie,carbohydrate,protein,fat,saturated fat,trans fat,sodium,sugar,含麩質之穀物及其製品,堅果類、種子類及其製品,大豆及其製品,奇異果及其製品,牛奶、羊奶及其製品,甲殼類及其製品(蝦類、蟹類),芒果及其製品,芝麻及其製品,花生及其製品,蛋類及其製品,軟體動物類及其製品(頭足類、螺貝類),魚類及其製品
58804,大飯糰泡菜鮪魚,158,1,277,48.2,7.1,6.2,0.9,0,493,0,1,0,1,0,1,1,0,1,0,1,0,1
227221,芝麻香鬆飯糰,109,1,237,39.1,5.8,6.3,0.9,0,355,3.6,1,0,1,0,0,0,0,1,0,0,0,0
322510,鮑菇脆筍飯糰,108,1,165,32.7,3.7,2.2,0.3,0,329,1.5,1,0,1,0,0,0,0,1,0,0,0,0
396531,大飯糰辣炒豬肉,156,1,256,48.5,6.6,3.9,0.9,0,507,2,1,0,1,0,0,0,0,1,0,1,0,1
459125,稻荷壽司,161,1,287,54.3,8.9,3.9,1.1,0,634,15.5,1,0,1,0,0,0,0,0,0,0,0,1
493218,大飯糰韓式炙燒美乃雞,150,1,270,48.8,8.3,4.7,1.1,0,596,1.5,1,0,1,0,0,0,0,1,0,1,0,0
493236,大飯糰韓式烤牛肉,158,1,250,46.1,6.6,4.3,1.6,0,632,1.4,1,0,1,0,1,0,0,0,0,1,0,1
539583,蔬食鮪魚飯糰,105,1,188,35,4.5,3.4,0.9,0,376,1.2,1,1,1,0,0,0,0,1,0,0,0,0
558422,鹽蔥燒肉飯糰,105,1,174,30.8,5.7,3.2,0.6,0,349,0,1,0,1,0,0,0,0,1,0,1,0,0
567691,香檸松阪豬烤飯糰,94,1,204,39.1,5.7,2.7,0.8,0,327,1.2,1,0,1,0,1,0,0,0,0,1,0,1
577161,椒麻肉鬆飯糰,103,1,234,36.8,5.3,7.3,1.3,0,218,2.7,1,1,1,0,0,0,0,1,0,1,0,0
577216,清酒蒸蛤蜊烤飯糰,99,1,166,31.6,5,2.3,0.5,0,401,1.1,1,0,1,0,1,0,0,0,0,1,0,1
577234,柚子胡椒雞肉烤飯糰,103,1,191,36.3,6.3,2.3,0.5,0,341,2.1,1,0,1,0,1,0,0,0,0,1,0,1
611098,壽喜燒牛五花飯糰,110,1,209,30.4,7.3,6.5,2.3,0,316,0.8,1,0,1,0,1,0,0,1,0,0,0,1
612008,鮪魚飯糰,106,1,188,32,5,4.3,0.8,0,195,0.8,1,0,1,0,0,0,0,1,0,1,0,1
612026,明太子龍蝦風味沙拉飯糰,105,1,211,34.7,4.5,6,1,0,344,1.4,0,0,1,0,1,1,0,0,0,1,0,1
612121,紅鮭飯糰,97,1,171,33.7,5.2,1.8,0.4,0,380,0,0,0,1,0,0,0,0,0,0,0,0,1
612135,鮭魚鮭魚卵飯糰,101,1,203,32.9,4.8,5.8,1.8,0,226,10,1,0,1,0,1,0,0,0,0,1,0,1
613018,經典肉鬆飯糰,107,1,239,41.4,5.6,5.7,1.4,0,294,2.9,1,1,1,0,0,0,0,1,0,1,0,0
615010,雞肉飯飯糰,106,1,186,33,5.4,3.5,1.1,0,326,0.5,1,0,1,0,0,0,0,1,0,1,0,0
632020,明太子龍蝦風味沙拉飯糰,105,1,211,34.7,4.5,6,1,0,344,1.4,0,0,1,0,1,1,0,0,0,1,0,1
652038,大口法式奶油起司雞排飯糰,239,1,500,56.6,14.1,24.1,5.5,0,851,1.7,1,0,1,0,1,0,0,0,0,1,0,1
652101,大口義式香草烤雞飯糰,242,1,414,51.3,16.5,16,3.6,0,973,3.1,1,0,1,0,1,0,0,0,0,1,0,1
653216,大口宮保雞丁飯糰,238,1,395,61.6,12.1,11.2,2.1,0,526,5.7,1,0,1,0,0,0,0,1,0,1,0,0
710890,肉鬆細卷,93,1,229,33.8,5.1,8.2,1.7,0,297,1.8,1,0,1,0,0,0,0,1,0,1,0,0
710909,鮪魚細卷,90,1,176,30.2,3.8,4.5,0.9,0,267,3.6,0,0,1,0,0,0,0,1,0,1,0,1
23417,台式芋頭鹹粥,500,1,395,50.4,14.5,15,4.4,0,975,2,1,0,1,0,0,1,0,0,0,0,0,0
156973,沙茶豬肉炒麵,324,1,486,65.1,21.7,15.6,3.2,0,1128,3.9,1,1,1,0,0,1,0,1,0,1,0,1
171018,生滾皮蛋煲粥,500,1,280,33.5,14,10,2,0,1505,1,1,0,1,0,0,0,0,1,0,1,0,0
201144,蕃茄肉醬義大利麵,395,1,506,80.2,21.3,11.1,3.2,0,1414,12.2,1,0,1,0,1,0,0,0,0,0,0,0
243180,青醬炙烤雞義大利麵,344,1,509,65.7,26.5,15.5,3.4,0,1159,3.1,1,1,1,0,1,0,0,0,1,1,0,1
243194,烤蔬菜蕃茄筆尖麵,355,1,451,78.5,16.7,7.8,1.8,0,1012,10.7,1,0,1,0,1,0,0,0,0,1,0,0
243203,清炒海鮮義大利麵,321,1,427,63.2,23.8,8.7,1.6,0,1056,0,1,0,1,0,0,1,0,0,1,1,0,1
247516,優質池上飯,170,1,291,63.9,4.3,2,0.5,0,14,0,0,0,1,0,0,0,0,0,0,0,0,0
256917,金咖哩甘口咖哩飯,523,1,659,118.2,16.2,13.6,4.7,0,1867,0,1,0,1,0,0,0,0,0,0,1,0,0
256985,金咖哩濃辛咖哩飯,525,1,709,114.5,17.9,20,6.3,0,1087,7.4,1,0,1,0,0,0,0,1,0,0,0,0
312286,沙茶豬肉燴飯,499,1,709,91.3,23.5,27.4,5.5,0,1118,2.5,1,1,1,0,0,1,0,1,0,1,0,1
327233,鐵板滑蛋炸豬排丼,468,1,693,112.3,24.3,16.4,3.7,0,1268,13.1,1,0,1,0,1,0,0,1,0,1,0,1
357634,ＢＢＱ雞丁白花椰餐盒,317,1,365,53.3,19,8.2,2.2,0,682,2.9,1,0,1,0,1,0,0,1,0,1,0,1
367045,花雕雞絲涼麵,260,1,328,55.9,12.5,6,1.6,0,775,7,1,0,1,0,1,0,0,1,0,1,0,0
372674,健身Ｇ肉餐盒,381,1,450,67.8,27.8,7.6,2.7,0,438,5.7,1,0,1,0,1,0,0,0,0,1,0,0
383445,台式麻醬涼麵,293,1,489,58.3,13.8,22.3,3.2,0,718,6.2,1,0,1,0,0,0,0,1,1,1,0,0
383459,大滿足麻醬涼麵,414,1,696,85.3,19.5,30.6,4.6,0,1076,9.1,1,0,1,0,0,0,0,1,1,1,0,0
383463,大滿足香辣涼麵,417,1,692,83.4,19.2,31.3,5,0,959,5,1,0,1,0,0,0,0,1,1,1,0,0
383477,日式蕎麥沾麵,251,1,339,64,13.3,3.3,1,0,944,8.3,1,0,1,0,0,0,0,0,0,1,0,1
383481,胡麻讚岐烏龍冷麵,247,1,361,60.3,7.2,10.1,2.2,0,598,5.4,1,0,1,0,0,0,0,1,0,1,0,1
383495,椒麻香蔥涼拌麵,224,1,457,56.4,13.7,19.7,3.1,0,977,5.8,1,0,1,0,0,0,0,1,0,1,0,0
395494,獵人雞肉丸子茄汁鉛筆麵,346,1,675,69.9,29.4,30.8,13.8,0,1592,5.2,1,0,1,0,1,0,0,0,0,1,0,0
399193,日式豬排佐咖哩歐姆蛋燴飯,491,1,771,101.6,31.4,26.5,5.4,0,1463,3.9,1,0,1,0,1,0,0,1,1,1,0,0
399393,香草雞排佐白醬歐姆蛋燴飯,476,1,695,88.1,30,24.8,5.2,0,1795,2.9,1,0,1,0,1,0,0,0,0,1,0,0
399402,炙烤親子丼,488,1,722,106.4,26.8,21,3.9,0,1488,9.8,1,0,1,0,1,0,0,1,0,1,0,1
426594,鮮筍雞茸粥,500,1,312,41.5,9.5,12,2,0,1675,3.5,1,0,1,0,0,1,0,0,0,0,0,0
426908,炭香燒豚飯,351,1,534,76.5,15.4,18.3,7.4,0,849,8.1,1,0,1,0,1,1,0,1,0,1,0,1
448045,蕃茄鮪魚冷義大利麵,304,1,301,45.9,14.3,6.7,2.1,0,821,7.3,1,0,1,0,1,0,0,0,0,1,0,1
448059,羅勒海鮮冷義大利麵,246,1,312,41.8,12.8,10.3,2.2,0,645,7.4,1,0,1,0,1,1,0,0,1,0,0,1
448063,明太子鮭魚冷義大利麵,256,1,348,44.5,13.6,12.8,3.1,0,765,1.5,1,0,1,0,1,1,0,0,0,1,0,1
448077,日式蔥鹽雞肉冷麵,311,1,435,70.9,15.2,10,1.9,0,1185,3.4,1,0,1,0,0,0,0,1,0,1,0,0
477731,皮蛋辣拌麵,341,1,621,73.3,22.5,26.3,6.1,0,1163,6.5,1,0,1,0,0,0,0,1,0,1,0,0
496189,白蘭地椰香嫩雞飯,414,1,546,85.7,17,14.9,7,0,903,0,1,1,1,0,1,0,0,0,0,1,0,1
496193,黑纖雞肉粥,500,1,291,29.5,15,12.5,2.5,0,870,3,1,0,1,0,0,0,0,1,0,0,0,0
496220,海之味漁夫飯,327,1,425,84.4,13.4,3.6,1.3,0,1086,4.3,1,0,1,0,1,0,0,0,0,1,0,1
496248,糖燻野郎熟成牛飯,333,1,656,97.2,14.7,23,7.7,0,1152,13,1,0,1,0,1,0,0,1,0,1,0,1
496284,壹號醬鹽蔥雞豚飯,343,1,621,96,20.9,16.8,5.5,0,1142,7.9,1,0,1,0,1,0,0,1,0,1,0,1
502762,嘉義劉里長雞肉飯,354,1,563,93.8,19.5,12,2.8,0,789,2.5,1,0,1,0,0,0,0,0,0,1,0,1
505247,嘉義劉里長剝皮瓜仔雞飯,391,1,497,95,17.2,5.5,1.6,0,989,5.9,1,0,1,0,0,0,0,0,0,1,0,0
554678,（素）咖哩Ｇ燴飯,472,1,618,99.6,20.3,15.6,1.9,0,1567,11.8,1,0,1,0,1,0,0,1,0,1,0,0
910537,香滑嫩蛋牛肉燴飯,470,1,479,71.9,19.3,12.7,4.7,0.5,1119,2.8,1,0,1,0,1,0,0,1,0,1,0,1
910569,四川風味麻婆豆腐燴飯,464,1,710,102.1,30.2,20,3.2,0,1151,4.6,1,0,1,0,0,0,0,1,0,1,0,0
1220214,炸醬炒泡麵,318,1,773,89,17.2,38.8,11.6,0,1472,7,1,0,1,0,0,0,0,1,0,0,0,0
1240181,海鮮明太子風奶香義大利麵,328,1,466,63.6,22.6,13.4,3.6,0,987,3,1,0,1,0,1,1,0,0,0,1,0,1
475539,白醬蕈菇蛋堡,106,1,196,25.9,8.7,6.5,2,0,459,5.2,1,0,1,0,1,0,0,0,0,1,0,0
507944,芋見香鬆三明治,77,1,187,29.4,5.3,5.3,1.4,0,258,7.2,1,0,1,0,1,0,0,1,0,1,0,0
517741,藍莓優格三明治,59,1,142,23.4,4.1,3.6,1.8,0,200,3.3,1,0,1,0,1,0,0,0,0,1,0,0
536571,水果派對三明治,94,1,165,26.6,3.9,4.8,2.8,0,200,8.9,1,0,1,0,1,0,0,0,0,0,0,0
544762,彩蔬洋芋三明治,123,1,234,30.3,5.8,10,1.8,0,344,6.4,1,0,0,0,0,0,0,0,0,1,0,0
554650,香雞蛋堡,116,1,254,28.1,11.9,10.4,2.4,0,583,2.7,1,0,1,0,1,0,0,0,0,1,0,0
90331,青檸烤雞握沙拉,136,1,228,26.7,9.8,9.2,1.5,0,598,4.6,1,0,1,0,0,0,0,0,0,1,0,0
148605,青醬優格雞肉握沙拉,133,1,267,26.6,11.3,12.9,2.3,0,599,5.7,1,0,1,0,1,0,0,0,1,1,0,1
361435,雙色地瓜雞肉握沙拉,142,1,314,43.6,6.5,12.6,2.1,0,544,14.6,1,0,0,0,1,0,0,0,0,1,0,0
367013,五色海藻沙拉,160,1,38.4,8,1.6,0,0,0,235,5.6,1,0,1,0,0,0,0,1,0,0,0,0
401863,蕃茄蛋洋芋握沙拉,140,1,249,24.1,8.7,13.2,2.7,0,353,5.6,1,0,0,0,0,0,0,0,0,1,0,0
430204,十品目田園沙拉,180,1,71.2,16.2,1.6,0,0,0,30.2,11.9,0,0,0,0,0,0,0,0,0,0,0,0
432947,凱薩沙拉,130,1,47.2,8.3,1.7,0.8,0.1,0,38.5,3.4,1,0,1,0,0,0,0,0,0,0,0,0
441920,優格鮪魚沙拉,100,1,157,20.6,4.7,6.2,1.9,0,232,10.1,0,0,1,0,1,0,0,0,0,1,0,1
513915,烤雞蒟蒻麵沙拉,170,1,121,8.5,7.5,6.3,1.7,0,371,7.8,1,0,1,0,0,0,0,1,0,0,0,0
25146,招牌高麗菜鍋貼,56,3,106,9.9,3.8,5.8,1.6,0,225,1.5,1,0,1,0,0,0,0,1,0,0,0,0
95240,鮮筍排骨湯,320,1,159.4,2.9,18.2,8.3,2.9,0,490,1.9,1,0,1,0,0,0,0,0,0,0,0,0
153448,雙起司蔥抓餅,130,1,403,45.8,10.8,19.6,8.5,0,590,3.5,1,1,1,0,1,0,0,0,0,0,0,0
153452,小滷青蔬,167,1,65,7.3,2.3,2.8,0.5,0,798,2.7,1,0,1,0,0,0,0,0,0,0,0,0
204883,黃金霸王腿條,88,1,241,10.6,11.3,17,5.7,0,555,0.2,1,0,1,0,1,0,0,0,0,1,0,0
204906,香辣霸王雞球,96,1,292,16.3,13.6,19.2,7.1,0,658,0,1,0,1,0,1,0,0,0,0,1,0,0
204910,日式唐揚雞,75,1,164,10.5,11.9,8.3,3,0,330,0.5,1,0,1,0,1,0,0,0,0,1,0,0
204924,匈牙利香草烤雞翅,95,1,202,1.5,19.4,13.1,3,0,500,0.6,1,0,0,0,1,0,0,0,0,0,0,0
204938,沙茶香辣雞胗,110,1,225.6,5.9,24.4,11.6,1.8,0,925,5,1,1,1,0,0,1,0,1,0,0,0,1
204942,蒜香綜合滷味,105,1,229.8,6.5,18.6,14.4,3.9,0,595,3.7,1,0,1,0,0,0,0,1,0,1,0,0
289752,日式溫泉蛋,40,2,57,0.8,5.4,3.6,1.3,0,189,0.2,1,0,1,0,0,0,0,0,0,1,0,0
344516,雞汁油蔥手工麵線,220,1,290,39.2,9.2,10.8,1.5,0,532,0.9,1,0,1,0,0,0,0,1,0,0,0,0
372779,紹興翅小腿,105,1,180,3.2,19.4,9.9,2.7,0,760,2.1,1,0,1,0,1,0,0,0,0,0,0,0
427209,匈牙利風味香草烤雞腿,118,1,150,0.5,24.2,5.7,1.8,0,605,0,1,0,0,0,1,0,0,0,0,1,0,0
515317,香菇雞燉湯,320,1,139,8.3,17,4.2,1,0,1405,1.6,1,0,1,0,0,0,0,0,0,0,0,0
566122,四神豬肚湯,320,1,157,20.5,13.8,2.2,1,0,665.6,0,1,0,1,0,0,0,0,0,0,0,0,0
1531120,蒸蛋湯,340,1,139.4,4.4,13.6,7.5,2.1,0,993,2.7,1,0,1,0,0,0,0,1,0,1,0,0
156414,鮮乳虎皮蛋糕捲,110,1,506.7,47.3,9.4,31.1,12,0,172.5,35.9,1,1,1,0,1,0,1,1,1,1,0,1
263952,牧場直送４．０鮮乳優格,140,1,108.9,13.2,4.2,5.3,3.5,0,53,7.1,0,0,0,0,1,0,0,0,0,0,0,0
414622,經典雙色小泡芙,78,1,219,19.4,5.3,13.3,6.1,0,107,11.1,1,0,1,0,1,0,0,0,0,1,0,0
415755,香草卡士達泡芙,65,1,167,14.7,3.6,10.4,4.8,0,73,8.4,1,0,1,0,1,0,0,0,0,1,0,0
415769,鮮乳脆皮泡芙,81,1,230,25.7,4.1,12.3,7.4,0,98,15,1,1,1,0,1,0,0,0,0,1,0,0
415773,法式檸檬塔,72,1,267,31.6,4.5,13.6,5.8,0,48,18.5,1,0,1,0,1,0,0,0,0,1,0,0
466110,提拉米蘇泡芙,57,1,152,15.4,2.9,8.8,5.7,0,82,7.5,1,0,1,0,1,0,0,0,0,1,0,0
531280,香檸鹽之花熔岩蛋糕,90,1,351.1,33.4,6,21.5,8.3,0,284,22.1,1,1,1,0,1,0,1,1,1,1,0,1
556739,芋泥Ｑ心球,37,3,123.7,19,1.8,4.5,2.5,0.06,182.6,9.7,1,1,1,0,1,0,1,1,1,1,0,1
556743,紅豆ｍｉｎｉ銅鑼燒,13,6,38.6,6.5,0.9,1,0.2,0,36,3.4,1,1,1,0,1,0,1,1,1,1,0,0
578549,可可熔岩烏龍茶戚風蛋糕,90,1,331.8,32.2,7.1,19.4,6.9,0,209.6,18.5,1,1,1,0,1,0,1,1,1,1,0,1
578862,烏龍茶可可千層蛋糕,55,1,152.7,12.9,2.1,10.3,7.8,0,86,8.3,1,1,1,0,1,0,1,1,0,1,0,1
1950316,巧克力捲,25,2,94,14.9,2.9,2.5,0.9,0,32,3.4,1,0,1,0,1,0,0,0,0,0,0,0
1950348,蜂蜜牛奶球,11,5,39,7,1,0.8,0.3,0,13,1.4,1,0,0,0,1,0,0,0,0,0,0,0
1950352,草莓夾心,18,4,55,10.2,1.6,0.9,0.3,0,19,3,1,0,0,0,0,0,0,0,0,0,0,0
2620283,福樂頂級希臘式優格,135,1,115,9.9,7.3,5.1,3.4,0,69,8.8,1,1,1,0,1,0,1,1,0,0,0,0
2620451,福樂頂級鮮奶優酪,135,1,84,5.5,4.2,5,3.5,0,55,4.2,1,1,1,0,1,0,1,1,0,0,0,0
23744,雞蛋牛奶手排包,130,1,443,66.4,11.1,14.8,6.2,0,407,16.9,1,1,1,0,1,0,1,1,1,1,0,0
40786,巧克力派司,75,1,405,37,5.9,25.9,13.4,0,265,9.4,1,1,1,0,1,0,1,1,1,1,0,0
76456,蔥花麵包,100,1,367,49.1,9,14.9,6.5,0,427,11.7,1,0,1,0,1,0,0,0,0,1,0,0
102306,鹹奶油菠蘿小土司,100,1,433,57,9.1,18.7,10.3,0.5,207,17.4,1,0,1,0,1,0,0,0,0,1,0,0
124748,維也納奶油軟法,95,1,393,50.6,8.3,17.5,10.4,0.7,446,8.5,1,0,1,0,1,0,0,0,0,0,0,0
143623,紫薯芋泥軟歐,90,1,250,44.6,6.3,5.1,1.6,0,251,13.4,1,1,1,0,1,0,0,1,1,1,0,0
208023,黃金奶油鹽可頌,78,1,267,33.6,7.3,11.5,7.3,0,504,4.2,1,0,1,0,1,0,0,0,0,0,0,0
226857,菠蘿麵包,100,1,373,52.9,10.1,13.4,6.8,0,195,14.5,1,0,1,0,1,0,0,0,0,1,0,0
274664,墨西哥葡萄奶酥麵包,115,1,465,56.7,9.2,22.3,10.5,0,459,26,1,1,1,0,1,0,1,1,1,1,0,0
275688,帕瑪森起司方塊堡,85,1,265,36.6,7.7,9.8,4.5,0,347,10.7,1,1,1,0,1,0,1,1,1,1,0,0
309704,韓國麵包球,25,5,102,14.4,1.5,4.3,0.9,0,56,4.6,1,0,1,0,1,0,0,1,0,1,0,0
318896,琥珀楓糖小可頌,48,1,221,23.7,4.2,12.2,5.2,0,203,4.9,1,1,1,0,1,0,1,1,1,1,0,0
333127,葡萄丹麥捲,75,1,304,35.3,5.5,15.6,6.6,0,332,15.7,1,1,1,0,1,0,1,1,1,1,0,0
344489,巧克力菠蘿,100,1,346,47.9,9.4,13,6.3,0,195,15.5,1,0,1,0,1,0,0,0,0,1,0,0
353171,香蒜起司麵包,90,1,292,36.5,10.5,11.4,6,0,530,3.4,1,0,1,0,1,0,0,0,0,0,0,0
426821,海鹽奶香羅宋,100,1,389,51.6,8.4,16.5,7.4,0,678,11.3,1,1,1,0,1,0,1,1,1,1,0,0
428750,醇厚巧克力球,85,1,294,46.2,3.8,10.5,5.4,0,264,15.7,1,1,1,0,1,0,1,1,1,1,0,0
440483,法式巧克力拔絲麵包,120,1,403,60.8,12.4,12.2,7.8,0,305,13.2,1,0,1,0,1,0,0,0,0,1,0,0
459420,厚切醇乳香土司,191,2,548,96.3,18.9,9.7,4.6,0,663,13,1,0,1,0,1,0,0,0,0,0,0,0
469136,鮮奶餐包,32,5,96,15.5,3.3,2.3,1.4,0,132,2.6,1,0,1,0,1,0,0,0,0,0,0,0
475420,毛毛蟲奶露麵包,85,1,301,39.9,7.5,12.4,6.4,0,302,9.8,1,1,1,0,1,0,0,1,1,1,0,0
488198,芝心乳酪丹麥,60,1,251,27.6,5.8,13.1,1.6,0,285,5.4,1,1,1,0,1,0,1,1,1,1,0,0
504928,芋泥金沙麻吉麵包,94,1,271,50.1,6.8,4.8,1.9,0,204,15.2,1,0,1,0,1,0,0,0,0,1,0,0
504932,花生煉乳軟法,95,1,314,44.2,10,10.8,5.7,0,447,8,1,1,1,0,1,0,0,1,1,1,0,0
507958,花生煉乳厚片,85,1,325,35.5,9.9,15.9,5.1,0,397,9,1,1,1,0,1,0,1,1,1,1,0,0
507962,脆皮巧克力麵包,65,1,229,36.1,5,7.2,4,0,185,9.4,1,1,1,0,1,0,1,1,1,1,0,0
523980,菠蘿奶酥麵包,100,1,383,55.2,8.2,14.4,5.2,0,233,22.4,1,1,1,0,1,0,1,1,1,1,0,0
524895,蜂蜜檸檬雙享夾心土司,36,1,113,14.8,2.9,4.7,2.2,0,101,3.8,1,0,1,0,1,0,0,0,0,0,0,0
526360,海鹽檸檬滿餡麵包,95,1,296,42.6,6.2,11.2,5.1,0,257,12.4,1,0,1,0,1,0,0,0,0,1,0,0
538991,蜜香紅茶蘋果鬆餅,112,1,360,60.4,4.9,11,3,0,364,38.8,1,0,1,0,1,0,0,0,0,1,0,0
539006,香橙乳酪球,90,1,237,40.9,6.6,5.2,3.2,0,279,10.4,1,1,1,0,1,0,0,1,1,1,0,0
539024,百香橘丁Ｑ貝果,85,1,227,42.9,8.2,2.5,0.9,0,439,5.5,1,1,1,0,1,0,1,1,1,1,0,0
555838,醇黑可可軟法,90,1,328,41.8,8.5,14,7.7,0,358,7.5,1,1,1,0,1,0,0,1,1,1,0,0
556725,大納言紅豆鬆餅,120,1,359,56.4,6.8,11.8,3.1,0,369,31.6,1,0,1,0,1,0,0,0,0,1,0,0
556866,大納言紅豆奶油滿餡麵包,108,1,360,51.7,8.4,13.3,5.6,0,269,20.1,1,0,1,0,1,0,0,0,0,1,0,0
557076,墨西哥辣蔬滿餡麵包,94,1,223,34.5,7.9,5.9,2.1,0,492,9.5,1,0,1,0,1,0,0,0,0,1,0,0
557212,紅豆丹麥捲,80,1,302,36.3,6.4,14.5,6.2,0,318,10,1,1,1,0,1,0,1,1,1,1,0,0
564443,藍莓桑葚乳酪Ｑ貝果,85,1,236,42.7,7.7,3.9,1.4,0,347,5.5,1,1,1,0,1,0,1,1,1,1,0,0
567300,藍莓夾心土司,78,1,216,33.5,5.1,6.9,3.2,0,258,10.4,1,0,1,0,1,0,0,0,0,0,0,0
575628,香醇奶油抹醬麵包,85,1,277,39.1,7.3,10.2,4.3,0,437,7.3,1,1,1,0,1,0,1,1,1,1,0,0
1820062,丹麥菠蘿可頌,92,1,390,46,7.9,19.4,9.5,0,196,25.6,1,1,1,0,1,0,1,1,1,1,0,0
1870021,紅豆麵包,104,1,291,52.1,8.5,5.4,2,0,204,10.1,1,0,1,0,1,0,0,1,0,1,0,0
1870053,草莓麵包,91,1,244,45.5,6.4,4.2,1.5,0,192,6.6,1,0,1,0,1,0,0,0,0,1,0,0
1870071,海苔肉鬆沙拉麵包,90,1,375,40.5,9.5,19.4,3.7,0,422,11,1,0,1,0,1,0,0,1,0,1,0,0
1870085,醇黑可可好棒棒,125,1,528,68.5,10.4,23.6,9.5,0,330,19,1,0,1,0,1,0,0,0,0,1,0,0
1870162,克林姆麵包,96,1,254,44.7,7,5.3,2.3,0,205,12,1,0,1,0,1,0,0,0,0,1,0,0
1870194,奶酥麵包,96,1,384,47.3,8.8,17.8,8.8,0,240,17.2,1,0,1,0,1,0,0,0,0,1,0,0
1870203,香濃牛奶好棒棒,120,1,474,61.6,10.8,20.5,8.7,0,323,13,1,0,1,0,1,0,0,0,0,1,0,0
1870271,起酥葡萄奶酥,106,1,424,48.3,8.7,21.7,10.6,0,314,12.2,1,0,1,0,1,0,0,1,0,1,0,0
1871009,果粒草莓滿餡麵包,99,1,299,45.4,6.9,9.9,4,0,206,18.9,1,1,1,0,1,0,0,0,0,1,0,0
1871063,深焙花生滿餡麵包,102,1,461,44,10.8,26.8,8.8,0,332,16.2,1,0,1,0,1,0,0,0,1,1,0,0
1871445,起酥肉鬆麵包,95,1,379,46.2,9.1,17.6,3.6,0,314,7.5,1,0,1,0,1,0,0,1,0,1,0,0
1871504,榛果可可滿餡麵包,94,1,414,40.7,8.5,24.2,9.7,0,242,14.1,1,1,1,0,1,0,0,0,0,1,0,0
1970360,醇乳香土司,191,2,548,96.3,18.9,9.7,4.6,0,663,13,1,0,1,0,1,0,0,0,0,0,0,0
1971352,草莓夾心土司,78,1,179,35,5.2,2,0.8,0,244,9.9,1,0,1,0,1,0,0,0,0,0,0,0
1971398,花生夾心土司,78,1,292,30.4,7.2,15.8,5.9,0,280,9.1,1,0,1,0,1,0,0,0,1,0,0,0
1971520,板巧克力夾心土司,73,1,241,33.1,5.5,9.6,3.7,0,230,8.2,1,1,1,0,1,0,0,0,0,0,0,0
1971552,經典蜂蜜鬆餅,110,1,365,54.6,5.8,13.8,3.9,0,275,28.9,1,0,1,0,1,0,0,0,0,1,0,0
1971689,陽光葡萄土司,130,1,363,65.9,10.7,6.2,2.7,0,338,19.6,1,0,1,0,0,0,0,0,0,0,0,0
1971702,綿柔鮮奶土司,111,1,321,56.4,11.1,5.7,2.7,0,386,7.5,1,0,1,0,1,0,0,0,0,0,0,0
1971734,榛果巧克力鬆餅,108,1,351,53.1,6.8,12.3,4,0,275,27.2,1,1,1,0,1,0,0,0,0,1,0,0
1971766,新纖麥土司,185,2,487,88.6,21.5,6.5,2,0,592,13.7,1,0,1,0,1,0,0,0,0,0,0,0
1972017,小麥胚芽土司,105,1,276,50.3,12.2,3.7,1.2,0,336,7.8,1,0,1,0,1,0,0,0,0,0,0,0
510608,讚岐烏龍麵,130,1,162,36.1,3.8,0.3,0,0,216,0,1,0,0,0,0,0,0,0,0,0,0,0
11640,鹽味毛豆,130,1,178,15.7,16.3,5.6,0.7,0,415,4.8,0,0,1,0,0,0,0,0,0,0,0,0
94044,川味椒麻煎餃,175,1,308,35.9,14.7,11.7,3.7,0,903,6.7,1,0,1,0,0,0,0,1,0,0,1,0
146726,麻油肉絲炒飯,152,1,344,46.8,8.7,13.5,2.4,0,523,0.8,1,0,1,0,0,0,0,1,0,1,0,0
146730,麻辣豬皮,100,1,247,5.5,19.8,16.2,4.4,0,1225,5.3,1,0,1,0,0,0,0,0,0,0,0,0
146762,水煎包,90,2,160,23.8,6.1,4.5,1.4,0,338,3.6,1,0,1,0,0,0,0,1,0,0,1,0
167126,塔香鹹酥雞,80,1,202,11.3,13.3,11.5,1.9,0,235,0,1,1,1,0,1,1,0,1,1,1,0,1
171054,泰式辣炒豬肉飯,185,1,361,56.8,10.9,10,2.8,0,549,3.3,1,0,1,0,0,0,0,0,0,0,1,1
175058,玉米豬肉手工水餃,175,1,295,35.7,13.5,10.9,3.2,0,548,5.3,1,0,1,0,0,0,0,1,0,0,0,0
416701,韓式炸Ｇ,100,1,213,28.6,11.1,6,0.4,0,652,11.8,1,0,1,0,0,0,0,1,0,0,0,0
416715,椒麻綜合滷味,115,1,235,21.5,8.1,12.9,2,0,524,1.6,1,0,1,0,0,0,0,1,0,0,0,0
437010,田家千層三星蔥拉餅,110,1,334,37.1,6.5,17.8,9.4,0,402,1.1,1,1,1,0,1,1,0,1,1,0,0,0
437024,田家千層胡椒拉餅,110,1,316,39.3,9.3,13.5,6.4,0,502,2.8,1,1,1,0,1,1,0,1,1,0,0,0
2410721,薑黃素炒飯,275,1,575,93.2,12.4,17,1.8,0,965,10.7,1,0,1,0,0,0,0,1,0,0,0,0
2491000,韓式炸雞,105,1,259,22.9,12.9,12.9,5.1,0,645,8.4,1,0,1,0,1,0,0,1,0,1,0,0
2491014,糖醋炸雞,100,1,243.5,21,13.1,11.9,2.1,0,244,4.3,1,0,1,0,0,0,0,0,0,0,0,0
2491028,霸王黃金香雞腿,95,1,189,8.7,14.7,10.6,3.3,0,598,0,1,0,1,0,1,0,0,0,0,1,0,0
2491032,霸王黃金酷辣雞腿排,135,1,334,12.6,20.8,22.3,7.3,0,693,0,1,0,1,0,1,0,0,0,0,1,0,0
2491046,美式香辣雞球,100,1,280,14.3,14.3,18.4,7.1,0,644,0.3,1,0,0,0,1,0,0,0,0,1,0,0
2491064,香蒜排骨酥,100,1,271.2,15.5,16.3,16,3.7,0,611,3.3,1,1,1,0,1,1,0,1,0,1,0,1
2491078,黃金起司香雞塊（重組）,110,1,240,16.1,14.3,13.2,4.8,0,620,0.6,1,0,1,0,1,0,0,0,0,0,0,0
2491505,鮮肉爆漿餡餅,145,1,317,32.8,13.8,14.5,6,0,528,2,1,0,0,0,0,0,0,0,0,0,0,0
2491519,鮮肉小籠湯包,63,2,94,9.4,6.2,3.5,0.9,0,197,0.8,1,0,1,0,0,0,0,1,0,0,0,0
2491537,經典鮮肉鍋貼,182,1,375,37.3,15.3,18.2,6.2,0,386,5.1,1,0,1,0,0,0,0,1,0,0,0,0
2492010,紐澳良辣味烤翅,105,1,240,5.9,20.7,14.9,4.4,0,622,4.6,1,0,0,0,1,0,0,0,0,0,0,0
2492024,香烤雞腿條,70,1,95,4.3,14.5,2.2,0.6,0,375,1.3,1,0,1,0,1,0,0,0,0,0,0,0
2492038,十三香烤雞翅,105,1,248,6.6,18.7,16.3,4,0,803,5.1,1,1,1,0,1,1,0,1,1,1,1,1
2492056,蜜汁雞柳,75,1,190,18.8,10.7,8,1.2,0,326,4.9,1,1,1,0,0,1,0,1,0,0,0,1
2492060,照燒雞腿肉串,55,1,73.5,3.4,9.8,2.3,0.7,0,429,1.8,1,0,1,0,0,0,0,0,0,0,0,1
2493107,青醬雞丁義大利麵,175,1,284,27.5,13.8,13.1,1.8,0,562,1.2,1,1,1,0,1,0,0,0,0,0,0,1
2493111,奶油蕈菇松露燉飯,192,1,265,41.3,3.3,9.6,2.5,0,378,1.9,1,0,1,0,1,0,0,0,0,0,0,1
2495018,黑胡椒素雞塊,100,1,281,23.4,14.9,14.2,5.2,0,721,1.3,1,0,1,0,0,0,0,0,0,1,0,0
2495068,美式香辣素雞米花,100,1,369,18,13.3,27.1,8.3,0,550,0.4,1,1,1,0,0,0,0,0,0,1,0,0
63906,萬丹巧克力牛奶,290,1,192,29,7.3,5.2,3.8,0,116,26.1,0,0,1,0,1,0,0,0,0,0,0,0
63988,牧場直送４．０鮮乳１８５８ｍｌ,371.6,5,252.7,17.8,11.9,14.9,9.7,0,149,17.1,0,0,0,0,1,0,0,0,0,0,0,0
479329,ＦＭＣ紅豆紫米漿,320,1,126.8,28.8,2.9,0,0,0,0,18.9,0,0,0,0,0,0,0,0,0,0,0,0
2710157,牧場直送４．０鮮乳９００ｍｌ,300,3,204,14.4,9.6,12,7.8,0,120,13.8,0,0,0,0,1,0,0,0,0,0,0,0
2720168,牧場直送鮮乳３７５ｍｌ,375,1,255,18,12,15,9.8,0,150,17.3,0,0,0,0,1,0,0,0,0,0,0,0
2946005,ＦＭＣ薏仁漿,320,1,72.2,15.4,1.3,0.6,0,0,0,12.8,0,0,0,0,0,0,0,0,0,0,0,0
46869,蜂蜜水８７０ｍｌ,870,1,222.7,55.7,0,0,0,0,0,53.9,0,0,0,0,0,0,0,0,0,0,0,0
84847,ＦＭＣ檸檬蜂蜜水８７０ｍｌ,870,1,348,87,0,0,0,0,0,81.8,0,0,0,0,0,0,0,0,0,0,0,0
203764,ＦＭＣ不知春茶,350,2,0,0,0,0,0,0,70.7,0,0,0,0,0,0,0,0,0,0,0,0,0
312331,ＦＭＣ抹茶拿鐵,375,1,205,34.9,7.1,4.1,3,0,109,31.9,0,0,1,0,1,0,0,0,0,0,0,0
400180,ＦＭＣ橙柚百香綠茶,450,1,174.8,42.8,0.9,0,0,0,4,39.6,0,0,0,0,0,0,0,0,0,0,0,0
400908,ＦＭＣ人蔘石榴蜂蜜水,300,1,64,15.9,0,0,0,0,1.2,14.4,0,0,0,0,0,0,0,0,0,0,0,0
400912,ＦＭＣ冰糖枸杞銀耳露,300,1,56.4,13.8,0.3,0,0,0,2.4,12,0,0,0,0,0,0,0,0,0,0,0,0
400930,ＦＭＣ人蔘黑木耳露,300,1,61.2,15,0.3,0,0,0,2.4,13.5,0,0,0,0,0,0,0,0,0,0,0,0
413771,ＦＭＣ旨味日式綠,350,2,0,0,0,0,0,0,49,0,0,0,0,0,0,0,0,0,0,0,0,0
426671,ＦＭＣ阿里山金萱烏龍茶,450,1,0,0,0,0,0,0,22,0,0,0,0,0,0,0,0,0,0,0,0,0
432274,ＦＭＣ蜜桃春烏龍,450,1,145.6,36.4,0,0,0,0,14,32.8,0,0,0,0,0,0,0,0,0,0,0,0
432288,ＦＭＣ葡柚四季青,450,0,172.8,43.2,0,0,0,0,5.8,39.2,0,0,0,0,0,0,0,0,0,0,0,0
437129,ＦＭＣ桂花金烏龍,450,1,0,0,0,0,0,0,68.4,0,0,0,0,0,0,0,0,0,0,0,0,0
469077,ＦＭＣ翠玉烏龍茶,450,1,0,0,0,0,0,0,22,0,0,0,0,0,0,0,0,0,0,0,0,0
472486,ＦＭＣ鮮榨西瓜汁,265,1,101,22.5,2.1,0.3,0,0,5.3,21.5,0,0,0,0,0,0,0,0,0,0,0,0
508081,ＦＭＣ紅柚梅果綠,325,2,156,39,0,0,0,0,81,38,1,1,1,0,1,0,1,1,0,0,0,0
514420,ＦＭＣ１００％葡萄汁,265,1,151.8,36,1.3,0.3,0,0,0.5,34.4,0,0,0,0,0,0,0,0,0,0,0,0
536703,ＰＬＵＳ冷萃咖啡,280,1,10,2.2,0.3,0,0,0,21,0,0,0,0,0,0,0,0,0,0,0,0,0
536717,ＦＭＣ海鹽荔枝飲,320,1,147,36.8,0,0,0,0,163,35.8,0,0,0,0,0,0,0,0,0,0,0,0
536721,ＦＭＣ荔枝蘋果烏龍茶,450,1,198,48.6,0.9,0,0,0,2.7,45,0,1,0,0,0,0,0,0,0,0,0,0
537309,ＦＭＣ黑拿鐵,265,1,95.3,21.2,1.5,0.5,0,0,3.2,15.1,0,0,0,0,0,0,0,0,0,0,0,0
538646,ＦＭＣ石榴荔枝蜂蜜水,320,1,118.4,29.1,0.5,0,0,0,2.6,25.9,0,0,0,0,0,0,0,0,0,0,0,0
566190,ＦＭＣ冷壓椰子水８７０ｍｌ,870,1,208.8,52.2,0,0,0,0,78.3,44.4,0,1,0,0,0,0,0,0,0,0,0,0
573630,ＦＭＣ橘柚蜂蜜水,320,1,124.2,31,0,0,0,0,0.6,29.8,0,0,0,0,0,0,0,0,0,0,0,0
574018,ＦＭＣ黃金甘露,300,1,159.9,36,0.6,1.5,0,0,0.3,32.4,0,1,0,0,0,0,0,0,0,0,0,0
2910149,芭樂檸檬青茶,450,1,225.2,54,1.4,0.4,0,0,4,45,0,0,0,0,0,0,0,0,0,0,0,0
2910399,ＦＭＣ四季春青茶,450,1,0,0,0,0,0,0,22,0,0,0,0,0,0,0,0,0,0,0,0,0
2910517,翡翠檸檬茶,650,1,289,72.2,0,0,0,0,46,64.4,1,1,1,0,1,0,1,1,0,0,0,0
2920023,鮮榨蘋果汁,265,1,135,32,0.8,0.5,0,0,8,31,0,0,0,0,0,0,0,0,0,0,0,0
2920378,海鹽檸檬飲,320,1,142,35.5,0,0,0,0,141,33.3,0,0,0,0,0,0,0,0,0,0,0,0
2920578,ＦＭＣ楊枝甘露,300,1,177.3,39,0.6,2.1,1.8,0,6,30,0,1,0,0,0,0,1,0,0,0,0,0
2920582,ＦＭＣ紫拿鐵,265,1,153,35.8,1.9,0.3,0,0,17.2,30.2,0,0,0,0,0,0,0,0,0,0,0,0
2920596,ＦＭＣ綠拿鐵,265,1,143.6,31.8,2.9,0.5,0,0,13.2,26.2,0,0,0,1,0,0,0,0,0,0,0,0
2920623,ＦＭＣ冷壓椰子水,320,1,77,19.2,0,0,0,0,29,16.3,0,1,0,0,0,0,0,0,0,0,0,0
2921001,胡蘿蔔綜合蔬果汁,265,1,114,25,2.4,0.5,0,0,127,25,0,0,0,0,0,0,1,0,0,0,0,0
2921015,鮮榨椪柑原汁,265,1,132,30,1.6,0.5,0,0,8,29,0,0,0,0,0,0,0,0,0,0,0,0
2950038,蜂蜜水,320,1,82,20.5,0,0,0,0,0,19.8,0,0,0,0,0,0,0,0,0,0,0,0
2950060,檸檬蜂蜜水,320,1,128,32,0,0,0,0,0,30,0,0,0,0,0,0,0,0,0,0,0,0
3110099,古早味紅茶,350,2,72.8,17.8,0.4,0,0,0,59.5,16.8,1,0,0,0,0,0,0,0,0,0,0,0
3130061,四季春青茶,350,2,0,0,0,0,0,0,51.8,0,0,0,0,0,0,0,0,0,0,0,0,0
3130198,ＦＭＣ金萱二十七,350,2,0,0,0,0,0,0,53.9,0,0,0,0,0,0,0,0,0,0,0,0,0
3154164,菊花涼茶,260,2,44.7,11.2,0,0,0,0,29,9.9,0,0,0,0,0,0,0,0,0,0,0,0
3440244,小分子檸檬氣泡水,250,2,0,0,0,0,0,0,13,0,0,0,0,0,0,0,0,0,0,0,0,0
91119,ＦＭＣ益生菌枇杷膏硬喉糖,3.6,7,13.2,3.3,0,0,0,0,0,2,0,0,0,0,0,0,0,0,0,0,0,0
459284,ＦＭＣ莓果腰果,7,5,37.3,3.6,1,2.1,0.6,0,4,1.5,1,1,1,1,1,0,1,1,1,1,0,0
475448,無籽橄欖鮮果乾,10,5,29.6,7.3,0.1,0,0,0,112,5.8,0,0,0,0,0,0,0,0,0,0,0,0
532113,芭樂柳橙ＱＱ軟糖,42,1,145.3,33.6,2.5,0.1,0.04,0,43,16.8,0,0,1,0,0,0,0,0,0,0,0,1
564134,水蜜桃鮮果乾,11,3,36,8.9,0.1,0,0,0,3,8.3,0,0,0,0,0,0,0,0,0,0,0,0
564152,紅酒釀蘋果,23,1,78.2,19.8,0.2,0,0,0,2,16.6,0,0,0,0,0,0,0,0,0,0,0,0
573694,歐維氏８５％醇黑巧克力,36,1,221,13.7,3.7,16.8,9.4,0,3,5.3,1,1,1,0,1,0,1,1,1,1,0,0
3630039,歐維氏８５％醇黑巧克力,5.5,8,34,2.1,0.6,2.6,1.4,0,1,0.8,1,1,0,0,1,0,1,1,1,1,0,0
3811364,ＦＭＣ雙色脆薯片,85,1,425,58.7,2.6,20,8.7,0,57,7,0,0,0,0,0,0,0,0,0,0,0,0
3820088,海鹽薯條,20.5,2,116,11,1.2,7.5,3.4,0,43,0.2,1,0,0,0,0,0,0,0,0,0,0,0
3830049,海鹽地瓜條,20.5,2,119,11.3,0.6,7.9,3.5,0,54,4,0,0,0,0,0,0,0,0,0,0,0,0
3830526,乖乖奶油椰子,26,2,113,21.3,1.6,2.4,1.7,0,57,7.3,1,1,1,0,1,1,1,1,1,1,0,1
3860563,海鹽焦糖雙味爆米花,60,1,297,40.9,2.4,13.8,9.4,0,346,17.5,0,1,1,0,1,0,0,0,0,0,0,0
3860872,經典鹹甜爆米花,50,2,272,30.5,2,15.8,13.6,0,215,14,0,1,1,0,0,0,0,0,0,0,0,0
3925040,新貴派大格酥陽光檸檬,8.1,12,44,5,0.2,2.6,1.5,0,5,1.6,1,1,1,0,1,0,1,1,1,1,0,0
3925086,新貴派大格酥焙烤花生,8.1,12,46,4.6,0.5,2.8,1.4,0,11,2.5,1,1,1,0,1,0,1,1,1,1,0,0
3960739,鮮乳餅,50,1,225.9,33.8,4.5,8.1,4.9,0.4,85,6.6,1,0,1,0,1,0,0,0,0,1,0,0
4030553,ＦＭＣ夏威夷果,25,1,194.7,1,2,20.3,2.8,0,3,1,0,1,0,0,0,0,0,0,0,0,0,0
4030567,ＦＭＣ大顆蜂蜜腰果,30,1,174.6,9.9,5.4,12.6,3,0,4,3.3,0,1,0,0,0,0,0,0,0,0,0,0
4030585,ＦＭＣ大顆蒜味杏仁果,38,1,248.9,5.3,9.9,20.9,1.9,0,133,1.9,1,1,1,0,0,0,0,0,0,0,0,0
4030599,ＦＭＣ每日６纖果,48,1,261.3,17.8,8.6,17.3,1.4,0,21,10.1,1,1,1,0,0,0,0,0,0,0,0,0
4110020,土芒果青鮮果乾,11,3,42.9,9.6,0.9,0.1,0,0,7,5,0,0,0,0,0,0,1,0,0,0,0,0
4110034,愛文芒果條,19,2,64.2,15.2,0.4,0.2,0,0,2,9.1,0,0,0,0,0,0,1,0,0,0,0,0
4110048,檸檬鮮果乾,10,3,35.7,8.6,0.1,0.1,0,0,28,6.5,0,0,0,0,0,0,0,0,0,0,0,0
4110070,草莓鮮果乾,7,5,22.8,5.6,0.1,0,0,0,0,3.8,0,0,0,0,0,0,0,0,0,0,0,0
4110139,全果蔓越莓乾,38,1,134.4,32.7,0,0.4,0,0,4,23.2,0,0,0,0,0,0,0,0,0,0,0,0
4110234,芭樂鮮果乾,15,3,51,12,0.3,0.2,0,0,29,6,0,0,0,0,0,0,0,0,0,0,0,0
4110339,洛神花鮮果乾,10,3,35.2,8.8,0,0,0,0,1,7.4,0,0,0,0,0,0,0,0,0,0,0,0
4128807,原味香鐵蛋,30,1,85,2.8,5.9,5.6,2,0,144.2,1.6,1,0,1,0,0,0,0,0,0,1,0,0
28467,ＦＭＣ紅燒牛腩,180,1,118.1,7.4,15.7,2.9,0.7,0,1033,3.4,1,0,1,0,0,0,0,0,0,0,0,0
28471,ＦＭＣ三杯雞杏鮑菇,180,1,255.6,17.6,12.4,15.1,3.6,0,1012,6.5,1,0,1,0,0,0,0,1,0,0,0,0
351056,蔬食素咖哩,180,1,167,20.2,4.1,7.7,1.8,0,749,4.1,1,1,1,0,0,0,1,0,0,0,0,0
351074,西魯肉,180,1,126,5.8,7.9,7.9,1.1,0,697,0,1,0,1,0,0,1,0,1,0,0,0,1
559414,藜麥多穀飯,200,1,307,59.6,7.6,4.2,0.2,0,20,0,1,0,0,0,0,0,0,0,0,0,0,0
559432,頂級黑纖米,200,1,328,61.2,8.6,5.4,0.6,0,20,0,0,0,0,0,0,0,0,0,0,0,0,0
559446,素油飯,200,1,411,70.8,12.2,8.8,1.2,0,614,1.6,1,0,1,0,0,0,0,1,0,0,0,0
4440011,ＦＭＣ藜麥穀物飯,180,1,282.4,55.6,7,5.6,1.1,0,14.4,0,0,0,0,0,0,0,0,0,0,0,0,0
4440025,ＦＭＣ黑纖米飯,180,1,261.4,56.2,5.4,4.3,1.1,0,13,0,0,0,0,0,0,0,0,0,0,0,0,0
